Timestamp,truth,prediction,error,abs_error,squared_error,fold,SE,Mean Sales,
6/8/2021,623,875.6596148,-252.6596148,252.6596148,63836.88094,0,2468.642456,3538.099315,0.69773125
6/9/2021,1449,1685.440838,-236.4408377,236.4408377,55904.26972,0,,,
6/10/2021,2202,1759.904582,442.095418,442.095418,195448.3586,0,,,
6/11/2021,2449,1382.415267,1066.584733,1066.584733,1137602.993,0,,,
6/12/2021,5899,1271.858737,4627.141263,4627.141263,21410436.27,0,,,
6/13/2021,5151,432.3379352,4718.662065,4718.662065,22265771.68,0,,,
6/14/2021,844,102.8994321,741.1005679,741.1005679,549230.0517,0,,,
6/15/2021,1766,867.8527098,898.1472902,898.1472902,806668.5548,0,,,
6/16/2021,2025,3515.062938,-1490.062938,1490.062938,2220287.56,0,,,
6/17/2021,2171,3898.791157,-1727.791157,1727.791157,2985262.283,0,,,
6/18/2021,733,3650.906408,-2917.906408,2917.906408,8514177.809,0,,,
6/19/2021,6731,3570.06513,3160.93487,3160.93487,9991509.253,0,,,
6/20/2021,6317,1165.476017,5151.523983,5151.523983,26538199.34,0,,,
6/21/2021,1101,895.6683819,205.3316181,205.3316181,42161.07339,0,,,
6/22/2021,1428,2342.757002,-914.7570021,914.7570021,836780.3728,0,,,
6/23/2021,2192,1673.64376,518.3562399,518.3562399,268693.1915,0,,,
6/24/2021,2787,463.1325272,2323.867473,2323.867473,5400360.031,0,,,
6/25/2021,1701,2538.138007,-837.1380066,837.1380066,700800.0421,0,,,
6/26/2021,2081,3155.485587,-1074.485587,1074.485587,1154519.276,0,,,
6/27/2021,6449,1174.188418,5274.811582,5274.811582,27823637.23,0,,,
6/28/2021,2293,986.6622075,1306.337792,1306.337792,1706518.428,0,,,
6/29/2021,1029,3406.107504,-2377.107504,2377.107504,5650640.087,0,,,
6/30/2021,1756,6344.666774,-4588.666774,4588.666774,21055862.76,0,,,
7/1/2021,5907,8156.257459,-2249.257459,2249.257459,5059159.115,0,,,
7/2/2021,2525,6787.103486,-4262.103486,4262.103486,18165526.13,0,,,
7/3/2021,7838,4822.57545,3015.42455,3015.42455,9092785.219,0,,,
7/4/2021,7312,3892.996637,3419.003363,3419.003363,11689584,0,,,
7/5/2021,3546,3194.634628,351.3653724,351.3653724,123457.6249,0,,,
7/6/2021,2797,4202.396637,-1405.396637,1405.396637,1975139.707,0,,,
7/7/2021,1699,5819.703486,-4120.703486,4120.703486,16980197.22,0,,,
7/8/2021,717,5188.385313,-4471.385313,4471.385313,19993286.61,0,,,
7/9/2021,2277,4014.76723,-1737.76723,1737.76723,3019834.947,0,,,
7/10/2021,7968,4074.402847,3893.597153,3893.597153,15160098.79,0,,,
7/11/2021,2952,2763.287048,188.7129523,188.7129523,35612.57836,0,,,
7/12/2021,2255,2716.398463,-461.3984633,461.3984633,212888.5419,0,,,
7/13/2021,1824,4574.595541,-2750.595541,2750.595541,7565775.829,0,,,
7/14/2021,4036,6057.103669,-2021.103669,2021.103669,4084860.04,0,,,
7/15/2021,3648,5937.433166,-2289.433166,2289.433166,5241504.224,0,,,
7/16/2021,3167,4959.997367,-1792.997367,1792.997367,3214839.559,0,,,
7/17/2021,2670,4393.368692,-1723.368692,1723.368692,2969999.647,0,,,
7/18/2021,7713,4206.456728,3506.543272,3506.543272,12295845.72,0,,,
7/19/2021,4735,4044.418372,690.5816281,690.5816281,476902.985,0,,,
7/20/2021,3244,4570.109148,-1326.109148,1326.109148,1758565.473,0,,,
7/21/2021,6367,6501.725952,-134.7259518,134.7259518,18151.0821,0,,,
7/22/2021,4830,3529.716271,1300.283729,1300.283729,1690737.775,0,,,
7/23/2021,6779,3790.61344,2988.38656,2988.38656,8930454.229,0,,,
7/24/2021,4914,4117.179833,796.8201669,796.8201669,634922.3784,0,,,
7/25/2021,10831,3238.902755,7592.097245,7592.097245,57639940.57,0,,,
7/26/2021,5831,3837.163395,1993.836605,1993.836605,3975384.408,0,,,
7/27/2021,1719,5687.408509,-3968.408509,3968.408509,15748266.09,0,,,
7/28/2021,7278,6127.688144,1150.311856,1150.311856,1323217.367,0,,,
7/29/2021,1632,5764.164308,-4132.164308,4132.164308,17074781.87,0,,,
7/30/2021,8425,4635.989331,3789.010669,3789.010669,14356601.85,0,,,
7/31/2021,9986,5011.381477,4974.618523,4974.618523,24746829.45,0,,,
8/1/2021,4502,6982.03755,-2480.03755,2480.03755,6150586.249,0,,,
8/2/2021,14311,6733.710975,7577.289025,7577.289025,57415308.97,0,,,
8/3/2021,6235,6833.093988,-598.0939884,598.0939884,357716.4189,0,,,
8/4/2021,7278,8328.032984,-1050.032984,1050.032984,1102569.267,0,,,
8/5/2021,7892,9019.783851,-1127.783851,1127.783851,1271896.415,0,,,
8/6/2021,7077,9023.483943,-1946.483943,1946.483943,3788799.739,0,,,
8/7/2021,6436,7127.30787,-691.3078696,691.3078696,477906.5706,0,,,
8/8/2021,11348,4411.04029,6936.95971,6936.95971,48121410.02,0,,,
8/9/2021,6062,5813.617459,248.3825413,248.3825413,61693.88683,0,,,
8/10/2021,2021,7996.48997,-5975.48997,5975.48997,35706480.38,0,,,
8/11/2021,3602,8420.607596,-4818.607596,4818.607596,23218979.16,0,,,
8/12/2021,5282,6878.249605,-1596.249605,1596.249605,2548012.801,0,,,
8/13/2021,4319,6141.689057,-1822.689057,1822.689057,3322195.398,0,,,
8/14/2021,13318,6819.015267,6498.984733,6498.984733,42236802.56,0,,,
8/15/2021,12923,6004.485769,6918.514231,6918.514231,47865839.16,0,,,
8/16/2021,7350,4552.266591,2797.733409,2797.733409,7827312.227,0,,,
8/17/2021,3504,3307.790792,196.209208,196.209208,38498.0533,0,,,
8/18/2021,3968,6014.80723,-2046.80723,2046.80723,4189419.838,0,,,
8/19/2021,5513,8445.337641,-2932.337641,2932.337641,8598604.043,0,,,
8/20/2021,7965,9258.723212,-1293.723212,1293.723212,1673719.75,0,,,
8/21/2021,12990,5821.036454,7168.963546,7168.963546,51394038.32,0,,,
8/22/2021,9833,4114.816363,5718.183637,5718.183637,32697624.11,0,,,
8/23/2021,6446,5641.411066,804.588934,804.588934,647363.3527,0,,,
8/24/2021,8965,7293.659468,1671.340532,1671.340532,2793379.175,0,,,
8/25/2021,4086,6750.820564,-2664.820564,2664.820564,7101268.637,0,,,
8/26/2021,5038,7730.172527,-2692.172527,2692.172527,7247792.916,0,,,
8/27/2021,7803,6324.148235,1478.851765,1478.851765,2187002.543,0,,,
8/28/2021,11917,5643.603943,6273.396057,6273.396057,39355498.09,0,,,
8/29/2021,6353,4926.972162,1426.027838,1426.027838,2033555.395,0,,,
8/30/2021,5363,5467.471157,-104.4711573,104.4711573,10914.22271,0,,,
8/31/2021,6621,6861.112801,-240.1128012,240.1128012,57654.15728,0,,,
9/1/2021,6331,7238.561203,-907.561203,907.561203,823667.3371,0,,,
9/2/2021,7098,7918.917915,-820.9179153,820.9179153,673906.2237,0,,,
9/3/2021,8130,7196.172892,933.8271075,933.8271075,872033.0667,0,,,
9/4/2021,14603,6453.792984,8149.207016,8149.207016,66409574.99,0,,,
9/5/2021,14016,4562.343121,9453.656879,9453.656879,89371628.39,0,,,
9/6/2021,10896,1778.836454,9117.163546,9117.163546,83122671.12,0,,,
9/7/2021,4995,1259.118829,3735.881171,3735.881171,13956808.13,0,,,
9/8/2021,1979,1816.786408,162.2135915,162.2135915,26313.24928,0,,,
9/9/2021,1170,1550.100746,-380.1007464,380.1007464,144476.5774,0,,,
9/10/2021,2689,796.5617509,1892.438249,1892.438249,3581322.527,0,,,
9/11/2021,6598,1362.367413,5235.632587,5235.632587,27411848.59,0,,,
9/12/2021,2338,684.9381893,1653.061811,1653.061811,2732613.35,0,,,
9/13/2021,1684,178.2112486,1505.788751,1505.788751,2267399.764,0,,,
9/14/2021,1244,915.3953582,328.6046418,328.6046418,107981.0106,0,,,
9/15/2021,1355,1681.352436,-326.3524359,326.3524359,106505.9124,0,,,
9/16/2021,2001,3196.665861,-1195.665861,1195.665861,1429616.85,0,,,
9/17/2021,2893,2510.495267,382.5047331,382.5047331,146309.8708,0,,,
9/18/2021,6999,1441.743486,5557.256514,5557.256514,30883099.96,0,,,
9/19/2021,6124,414.287159,5709.712841,5709.712841,32600820.73,0,,,
9/20/2021,2269,119.7553225,2149.244677,2149.244677,4619252.684,0,,,
9/21/2021,1238,1384.543669,-146.5436687,146.5436687,21475.04685,0,,,
9/22/2021,553,2080.834628,-1527.834628,1527.834628,2334278.649,0,,,
9/23/2021,1084,2322.665313,-1238.665313,1238.665313,1534291.757,0,,,
9/24/2021,1744,2510.547322,-766.5473217,766.5473217,587594.7964,0,,,
9/25/2021,1983,1045.110975,937.8890253,937.8890253,879635.8238,0,,,
9/26/2021,3567,96.59546949,3470.404531,3470.404531,12043707.61,0,,,
9/27/2021,1260,315.1237244,944.8762756,944.8762756,892791.1763,0,,,
9/28/2021,1617,157.5618622,1459.438138,1459.438138,2129959.678,0,,,
9/29/2021,1731,0,1731,1731,2996361,0,,,
9/30/2021,1907,0,1907,1907,3636649,0,,,
10/1/2021,2067,0,2067,2067,4272489,0,,,
10/2/2021,5223,0,5223,5223,27279729,0,,,
10/3/2021,691,0,691,691,477481,0,,,
10/4/2021,760,0,760,760,577600,0,,,
10/5/2021,1117,0,1117,1117,1247689,0,,,
10/6/2021,1256,0,1256,1256,1577536,0,,,
10/7/2021,1265,0,1265,1265,1600225,0,,,
10/8/2021,1244,235.587286,1008.412714,1008.412714,1016896.202,0,,,
10/9/2021,1087,117.793643,969.206357,969.206357,939360.9624,0,,,
10/10/2021,3913,0,3913,3913,15311569,0,,,
10/11/2021,4748,0,4748,4748,22543504,0,,,
10/12/2021,1494,0,1494,1494,2232036,0,,,
10/13/2021,1980,0,1980,1980,3920400,0,,,
10/14/2021,1491,0,1491,1491,2223081,0,,,
10/15/2021,909,0,909,909,826281,0,,,
10/16/2021,1169,0,1169,1169,1366561,0,,,
10/17/2021,1795,0,1795,1795,3222025,0,,,
10/18/2021,1139,0,1139,1139,1297321,0,,,
10/19/2021,1845,0,1845,1845,3404025,0,,,
10/20/2021,1269,0,1269,1269,1610361,0,,,
10/21/2021,705,0,705,705,497025,0,,,
10/22/2021,1178,0,1178,1178,1387684,0,,,
10/23/2021,1737,0,1737,1737,3017169,0,,,
10/24/2021,2498,0,2498,2498,6240004,0,,,
10/25/2021,551,0,551,551,303601,0,,,
10/26/2021,636,0,636,636,404496,0,,,
10/27/2021,1787,0,1787,1787,3193369,0,,,
10/28/2021,1158,0,1158,1158,1340964,0,,,
10/29/2021,875,0,875,875,765625,0,,,
10/30/2021,486,0,486,486,236196,0,,,
10/31/2021,1729,0,1729,1729,2989441,0,,,
11/1/2021,1088,0,1088,1088,1183744,0,,,
11/2/2021,1014,0,1014,1014,1028196,0,,,
11/3/2021,826,0,826,826,682276,0,,,
11/4/2021,827,0,827,827,683929,0,,,
11/5/2021,1227,0,1227,1227,1505529,0,,,
11/6/2021,1906,0,1906,1906,3632836,0,,,
11/7/2021,2206,0,2206,2206,4866436,0,,,
11/8/2021,1455,0,1455,1455,2117025,0,,,
11/9/2021,873,0,873,873,762129,0,,,
11/10/2021,1115,0,1115,1115,1243225,0,,,
11/11/2021,1210,0,1210,1210,1464100,0,,,
11/12/2021,1338,0,1338,1338,1790244,0,,,
11/13/2021,1362,0,1362,1362,1855044,0,,,
11/14/2021,342,0,342,342,116964,0,,,
11/15/2021,772,0,772,772,595984,0,,,
11/16/2021,824,0,824,824,678976,0,,,
11/17/2021,619,0,619,619,383161,0,,,
11/18/2021,675,0,675,675,455625,0,,,
11/19/2021,814,0,814,814,662596,0,,,
11/20/2021,869,0,869,869,755161,0,,,
11/21/2021,483,0,483,483,233289,0,,,
11/22/2021,658,0,658,658,432964,0,,,
11/23/2021,724,0,724,724,524176,0,,,
11/24/2021,842,0,842,842,708964,0,,,
11/25/2021,640,0,640,640,409600,0,,,
11/26/2021,772,0,772,772,595984,0,,,
11/27/2021,817,0,817,817,667489,0,,,
11/28/2021,244,0,244,244,59536,0,,,
11/29/2021,597,0,597,597,356409,0,,,
11/30/2021,605,0,605,605,366025,0,,,
12/1/2021,648,0,648,648,419904,0,,,
12/2/2021,642,0,642,642,412164,0,,,
12/3/2021,715,0,715,715,511225,0,,,
12/4/2021,711,0,711,711,505521,0,,,
12/5/2021,285,0,285,285,81225,0,,,
12/6/2021,567,0,567,567,321489,0,,,
12/7/2021,655,0,655,655,429025,0,,,
12/8/2021,573,0,573,573,328329,0,,,
12/9/2021,597,0,597,597,356409,0,,,
12/10/2021,658,0,658,658,432964,0,,,
12/11/2021,481,0,481,481,231361,0,,,
12/12/2021,690,0,690,690,476100,0,,,
12/13/2021,736,0,736,736,541696,0,,,
12/14/2021,699,0,699,699,488601,0,,,
12/15/2021,547,0,547,547,299209,0,,,
12/16/2021,637,0,637,637,405769,0,,,
12/17/2021,680,0,680,680,462400,0,,,
12/18/2021,318,0,318,318,101124,0,,,
12/19/2021,552,0,552,552,304704,0,,,
12/20/2021,485,0,485,485,235225,0,,,
12/21/2021,541,0,541,541,292681,0,,,
12/22/2021,431,0,431,431,185761,0,,,
12/23/2021,461,0,461,461,212521,0,,,
12/24/2021,336,0,336,336,112896,0,,,
12/25/2021,471,0,471,471,221841,0,,,
12/26/2021,723,0,723,723,522729,0,,,
12/27/2021,282,0,282,282,79524,0,,,
12/28/2021,667,0,667,667,444889,0,,,
12/29/2021,576,0,576,576,331776,0,,,
12/30/2021,727,0,727,727,528529,0,,,
12/31/2021,715,0,715,715,511225,0,,,
1/1/2022,503,0,503,503,253009,0,,,
1/2/2022,345,0,345,345,119025,0,,,
1/3/2022,532,0,532,532,283024,0,,,
1/4/2022,475,0,475,475,225625,0,,,
1/5/2022,225,0,225,225,50625,0,,,
1/6/2022,358,0,358,358,128164,0,,,
1/7/2022,369,0,369,369,136161,0,,,
1/8/2022,543,0,543,543,294849,0,,,
1/9/2022,313,0,313,313,97969,0,,,
1/10/2022,224,0,224,224,50176,0,,,
1/11/2022,247,0,247,247,61009,0,,,
1/12/2022,394,0,394,394,155236,0,,,
1/13/2022,379,0,379,379,143641,0,,,
1/14/2022,405,0,405,405,164025,0,,,
1/15/2022,401,0,401,401,160801,0,,,
1/16/2022,1068,0,1068,1068,1140624,0,,,
1/17/2022,129,0,129,129,16641,0,,,
1/18/2022,303,0,303,303,91809,0,,,
1/19/2022,541,0,541,541,292681,0,,,
1/20/2022,469,0,469,469,219961,0,,,
1/21/2022,537,0,537,537,288369,0,,,
1/22/2022,813,0,813,813,660969,0,,,
1/23/2022,715,0,715,715,511225,0,,,
1/24/2022,474,0,474,474,224676,0,,,
1/25/2022,565,0,565,565,319225,0,,,
1/26/2022,542,0,542,542,293764,0,,,
1/27/2022,521,0,521,521,271441,0,,,
1/28/2022,632,0,632,632,399424,0,,,
1/29/2022,1143,0,1143,1143,1306449,0,,,
1/30/2022,916,0,916,916,839056,0,,,
1/31/2022,478,0,478,478,228484,0,,,
2/1/2022,686,0,686,686,470596,0,,,
2/2/2022,490,0,490,490,240100,0,,,
2/3/2022,469,0,469,469,219961,0,,,
2/4/2022,568,0,568,568,322624,0,,,
2/5/2022,810,0,810,810,656100,0,,,
2/6/2022,950,0,950,950,902500,0,,,
2/7/2022,636,0,636,636,404496,0,,,
2/8/2022,566,0,566,566,320356,0,,,
2/9/2022,638,0,638,638,407044,0,,,
2/10/2022,363,0,363,363,131769,0,,,
2/11/2022,0,0,0,0,0,0,,,
2/12/2022,0,0,0,0,0,0,,,
2/13/2022,87,0,87,87,7569,0,,,
2/14/2022,304,0,304,304,92416,0,,,
2/15/2022,566,0,566,566,320356,0,,,
2/16/2022,647,0,647,647,418609,0,,,
2/17/2022,444,0,444,444,197136,0,,,
2/18/2022,367,0,367,367,134689,0,,,
2/19/2022,435,0,435,435,189225,0,,,
2/20/2022,622,0,622,622,386884,0,,,
2/21/2022,998,0,998,998,996004,0,,,
2/22/2022,539,0,539,539,290521,0,,,
2/23/2022,682,0,682,682,465124,0,,,
2/24/2022,726,0,726,726,527076,0,,,
2/25/2022,562,0,562,562,315844,0,,,
2/26/2022,630,0,630,630,396900,0,,,
2/27/2022,387,0,387,387,149769,0,,,
2/28/2022,526,0,526,526,276676,0,,,
3/1/2022,685,0,685,685,469225,0,,,
3/2/2022,685,0,685,685,469225,0,,,
3/3/2022,693,0,693,693,480249,0,,,
3/4/2022,758,0,758,758,574564,0,,,
3/5/2022,683,0,683,683,466489,0,,,
3/6/2022,1476,0,1476,1476,2178576,0,,,
3/7/2022,486,0,486,486,236196,0,,,
3/8/2022,737,0,737,737,543169,0,,,
3/9/2022,769,0,769,769,591361,0,,,
3/10/2022,764,0,764,764,583696,0,,,
3/11/2022,548,0,548,548,300304,0,,,
3/12/2022,497,0,497,497,247009,0,,,
3/13/2022,306,0,306,306,93636,0,,,
3/14/2022,679,0,679,679,461041,0,,,
3/15/2022,356,0,356,356,126736,0,,,
3/16/2022,551,0,551,551,303601,0,,,
3/17/2022,1591,0,1591,1591,2531281,0,,,
3/18/2022,1032,0,1032,1032,1065024,0,,,
3/19/2022,470,0,470,470,220900,0,,,
3/20/2022,1366,0,1366,1366,1865956,0,,,
3/21/2022,1005,0,1005,1005,1010025,0,,,
3/22/2022,824,0,824,824,678976,0,,,
3/23/2022,496,0,496,496,246016,0,,,
3/24/2022,788,0,788,788,620944,0,,,
3/25/2022,732,0,732,732,535824,0,,,
3/26/2022,759,0,759,759,576081,0,,,
3/27/2022,326,0,326,326,106276,0,,,
3/28/2022,578,0,578,578,334084,0,,,
3/29/2022,881,0,881,881,776161,0,,,
3/30/2022,527,0,527,527,277729,0,,,
3/31/2022,865,0,865,865,748225,0,,,
4/1/2022,495,0,495,495,245025,0,,,
4/2/2022,1602,0,1602,1602,2566404,0,,,
4/3/2022,588,0,588,588,345744,0,,,
4/4/2022,911,0,911,911,829921,0,,,
4/5/2022,821,0,821,821,674041,0,,,
4/6/2022,680,0,680,680,462400,0,,,
4/7/2022,940,0,940,940,883600,0,,,
4/8/2022,859,0,859,859,737881,0,,,
4/9/2022,876,0,876,876,767376,0,,,
4/10/2022,1555,0,1555,1555,2418025,0,,,
4/11/2022,933,0,933,933,870489,0,,,
4/12/2022,2068,0,2068,2068,4276624,0,,,
4/13/2022,952,0,952,952,906304,0,,,
4/14/2022,1226,0,1226,1226,1503076,0,,,
4/15/2022,1879,0,1879,1879,3530641,0,,,
4/16/2022,2930,0,2930,2930,8584900,0,,,
4/17/2022,3019,0,3019,3019,9114361,0,,,
4/18/2022,780,0,780,780,608400,0,,,
4/19/2022,825,0,825,825,680625,0,,,
4/20/2022,1714,0,1714,1714,2937796,0,,,
4/21/2022,901,0,901,901,811801,0,,,
4/22/2022,2313,0,2313,2313,5349969,0,,,
4/23/2022,961,0,961,961,923521,0,,,
4/24/2022,4324,0,4324,4324,18696976,0,,,
4/25/2022,940,0,940,940,883600,0,,,
4/26/2022,1331,0,1331,1331,1771561,0,,,
4/27/2022,1056,0,1056,1056,1115136,0,,,
4/28/2022,1691,0,1691,1691,2859481,0,,,
4/29/2022,2274,0,2274,2274,5171076,0,,,
4/30/2022,4161,0,4161,4161,17313921,0,,,
5/1/2022,660,0,660,660,435600,0,,,
5/2/2022,1366,0,1366,1366,1865956,0,,,
5/3/2022,1002,0,1002,1002,1004004,0,,,
5/4/2022,1838,0,1838,1838,3378244,0,,,
5/5/2022,2343,0,2343,2343,5489649,0,,,
5/6/2022,1775,0,1775,1775,3150625,0,,,
5/7/2022,4911,0,4911,4911,24117921,0,,,
5/8/2022,6368,0,6368,6368,40551424,0,,,
5/9/2022,2098,0,2098,2098,4401604,0,,,
5/10/2022,1894,0,1894,1894,3587236,0,,,
5/11/2022,2464,0,2464,2464,6071296,0,,,
5/12/2022,2977,0,2977,2977,8862529,0,,,
5/13/2022,3516,0,3516,3516,12362256,0,,,
5/14/2022,10406,0,10406,10406,108284836,0,,,
5/15/2022,7024,0,7024,7024,49336576,0,,,
5/16/2022,1057,0,1057,1057,1117249,0,,,
5/17/2022,2037,0,2037,2037,4149369,0,,,
5/18/2022,2086,78.50623839,2007.493762,2007.493762,4030031.203,0,,,
5/19/2022,2275,639.0636381,1635.936362,1635.936362,2676287.78,0,,,
5/20/2022,3250,1949.202612,1300.797388,1300.797388,1692073.845,0,,,
5/21/2022,5363,2775.748992,2587.251008,2587.251008,6693867.78,0,,,
5/22/2022,5680,1956.64136,3723.35864,3723.35864,13863399.57,0,,,
5/23/2022,11998,1684.861775,10313.13823,10313.13823,106360820.1,0,,,
5/24/2022,2503,684.9008525,1818.099147,1818.099147,3305484.51,0,,,
5/25/2022,2087,167.2885476,1919.711452,1919.711452,3685292.061,0,,,
5/26/2022,2106,802.6713876,1303.328612,1303.328612,1698665.472,0,,,
5/27/2022,1416,984.1163497,431.8836503,431.8836503,186523.4874,0,,,
5/28/2022,10292,802.3681697,9489.63183,9489.63183,90053112.27,0,,,
5/29/2022,10647,524.7485849,10122.25142,10122.25142,102459973.7,0,,,
5/30/2022,4225,146.9038271,4078.096173,4078.096173,16630868.4,0,,,
5/31/2022,4060,0,4060,4060,16483600,0,,,
6/1/2022,1240,159.3824028,1080.617597,1080.617597,1167734.391,0,,,
6/2/2022,2666,637.5296111,2028.470389,2028.470389,4114692.119,0,,,
6/3/2022,5156,496.046543,4659.953457,4659.953457,21715166.22,0,,,
6/4/2022,13256,709.1269496,12546.87305,12546.87305,157424023.3,0,,,
6/5/2022,9464,354.5634748,9109.436525,9109.436525,82981833.81,0,,,
6/6/2022,2286,0,2286,2286,5225796,0,,,
6/7/2022,1159,187.641346,971.358654,971.358654,943537.6347,0,,,
6/8/2022,4138,913.9403832,3224.059617,3224.059617,10394560.41,1,,,
6/9/2022,2473,1220.434056,1252.565944,1252.565944,1568921.445,1,,,
6/10/2022,6159,1252.337904,4906.662096,4906.662096,24075332.92,1,,,
6/11/2022,7885,1108.566867,6776.433133,6776.433133,45920046,1,,,
6/12/2022,3403,929.1263111,2473.873689,2473.873689,6120051.029,1,,,
6/13/2022,5280,407.6960975,4872.303903,4872.303903,23739345.32,1,,,
6/14/2022,4724,465.243224,4258.756776,4258.756776,18137009.28,1,,,
6/15/2022,3393,1171.683175,2221.316825,2221.316825,4934248.437,1,,,
6/16/2022,3159,2815.324336,343.6756638,343.6756638,118112.9619,1,,,
6/17/2022,6613,3185.14645,3427.85355,3427.85355,11750179.96,1,,,
6/18/2022,16610,2973.728707,13636.27129,13636.27129,185947894.8,1,,,
6/19/2022,19240,2494.830729,16745.16927,16745.16927,280400693.9,1,,,
6/20/2022,3886,1377.115726,2508.884274,2508.884274,6294500.302,1,,,
6/21/2022,6193,1520.127076,4672.872924,4672.872924,21835741.36,1,,,
6/22/2022,4526,1871.58872,2654.41128,2654.41128,7045899.245,1,,,
6/23/2022,6652,1082.685132,5569.314868,5569.314868,31017268.1,1,,,
6/24/2022,8326,746.9212051,7579.078795,7579.078795,57442435.38,1,,,
6/25/2022,18147,2193.255191,15953.74481,15953.74481,254521973.4,1,,,
6/26/2022,6543,2265.807898,4277.192102,4277.192102,18294372.28,1,,,
6/27/2022,6853,1056.609724,5796.390276,5796.390276,33598140.23,1,,,
6/28/2022,6800,1630.842536,5169.157464,5169.157464,26720188.89,1,,,
6/29/2022,3042,3479.158778,-437.1587785,437.1587785,191107.7976,1,,,
6/30/2022,8077,5431.445341,2645.554659,2645.554659,6998959.455,1,,,
7/1/2022,14738,6511.461844,8226.538156,8226.538156,67675930.03,1,,,
7/2/2022,19897,5692.787546,14204.21245,14204.21245,201759651.4,1,,,
7/3/2022,17196,4220.43373,12975.56627,12975.56627,168365320,1,,,
7/4/2022,9473,3799.557865,5673.442135,5673.442135,32187945.66,1,,,
7/5/2022,2385,3638.460083,-1253.460083,1253.460083,1571162.18,1,,,
7/6/2022,8156,4133.155843,4022.844157,4022.844157,16183275.11,1,,,
7/7/2022,7551,4810.454147,2740.545853,2740.545853,7510591.572,1,,,
7/8/2022,7373,4086.783762,3286.216238,3286.216238,10799217.16,1,,,
7/9/2022,17059,3204.978609,13854.02139,13854.02139,191933908.7,1,,,
7/10/2022,17760,3218.11566,14541.88434,14541.88434,211466400.1,1,,,
7/11/2022,8783,2903.385002,5879.614998,5879.614998,34569872.53,1,,,
7/12/2022,5921,2915.931773,3005.068227,3005.068227,9030435.051,1,,,
7/13/2022,5052,4057.828837,994.1711628,994.1711628,988376.301,1,,,
7/14/2022,9498,5008.788133,4489.211867,4489.211867,20153023.19,1,,,
7/15/2022,9978,4972.832034,5005.167966,5005.167966,25051706.37,1,,,
7/16/2022,22798,4296.023945,18501.97606,18501.97606,342323117.9,1,,,
7/17/2022,17550,3799.477957,13750.52204,13750.52204,189076856.5,1,,,
7/18/2022,3348,3694.553038,-346.5530381,346.5530381,120099.0082,1,,,
7/19/2022,6371,4068.740122,2302.259878,2302.259878,5300400.545,1,,,
7/20/2022,7321,4657.874173,2663.125827,2663.125827,7092239.17,1,,,
7/21/2022,9356,5151.03249,4204.96751,4204.96751,17681751.76,1,,,
7/22/2022,10235,3603.014486,6631.985514,6631.985514,43983231.85,1,,,
7/23/2022,18578,3703.736861,14874.26314,14874.26314,221243703.9,1,,,
7/24/2022,4434,3915.166737,518.8332633,518.8332633,269187.9551,1,,,
7/25/2022,10205,3495.372738,6709.627262,6709.627262,45019097.99,1,,,
7/26/2022,9404,4532.729555,4871.270445,4871.270445,23729275.75,1,,,
7/27/2022,9075,5513.199744,3561.800256,3561.800256,12686421.06,1,,,
7/28/2022,10955,5289.598374,5665.401626,5665.401626,32096775.58,1,,,
7/29/2022,10887,5047.807115,5839.192885,5839.192885,34096173.55,1,,,
7/30/2022,17565,4288.179196,13276.8208,13276.8208,176273970.7,1,,,
7/31/2022,20180,5244.47463,14935.52537,14935.52537,223069918.1,1,,,
8/1/2022,14793,6812.456756,7980.543244,7980.543244,63689070.46,1,,,
8/2/2022,9497,6528.634643,2968.365357,2968.365357,8811192.894,1,,,
8/3/2022,9155,7293.100266,1861.899734,1861.899734,3466670.62,1,,,
8/4/2022,3395,8100.634773,-4705.634773,4705.634773,22142998.62,1,,,
8/5/2022,10291,8316.112921,1974.887079,1974.887079,3900178.976,1,,,
8/6/2022,18479,8072.770129,10406.22987,10406.22987,108289620.1,1,,,
8/7/2022,11330,6336.88187,4993.11813,4993.11813,24931228.66,1,,,
8/8/2022,3077,4822.891916,-1745.891916,1745.891916,3048138.583,1,,,
8/9/2022,8064,6321.089111,1742.910889,1742.910889,3037738.366,1,,,
8/10/2022,10428,7497.581218,2930.418782,2930.418782,8587354.237,1,,,
8/11/2022,10777,6934.469737,3842.530263,3842.530263,14765038.82,1,,,
8/12/2022,11738,5832.775934,5905.224066,5905.224066,34871671.27,1,,,
8/13/2022,20641,5638.952647,15002.04735,15002.04735,225061424.8,1,,,
8/14/2022,16907,6119.977435,10787.02257,10787.02257,116359855.8,1,,,
8/15/2022,12551,6183.508159,6367.491841,6367.491841,40544952.35,1,,,
8/16/2022,9476,5260.70157,4215.29843,4215.29843,17768740.85,1,,,
8/17/2022,6982,4286.22551,2695.77449,2695.77449,7267200.099,1,,,
8/18/2022,8983,5755.611681,3227.388319,3227.388319,10416035.36,1,,,
8/19/2022,11129,7456.521923,3672.478077,3672.478077,13487095.23,1,,,
8/20/2022,17891,7617.688589,10273.31141,10273.31141,105540927.3,1,,,
8/21/2022,5957,5607.979653,349.0203474,349.0203474,121815.2029,1,,,
8/22/2022,2237,5172.497852,-2935.497852,2935.497852,8617147.64,1,,,
8/23/2022,8309,6284.259887,2024.740113,2024.740113,4099572.524,1,,,
8/24/2022,9234,6872.49433,2361.50567,2361.50567,5576709.031,1,,,
8/25/2022,4742,6711.11964,-1969.11964,1969.11964,3877432.155,1,,,
8/26/2022,6648,6705.16341,-57.16340991,57.16340991,3267.655433,1,,,
8/27/2022,15835,5694.905354,10140.09465,10140.09465,102821519.4,1,,,
8/28/2022,14744,5452.314617,9291.685383,9291.685383,86335417.26,1,,,
8/29/2022,8774,5509.406724,3264.593276,3264.593276,10657569.26,1,,,
8/30/2022,2341,5697.783762,-3356.783762,3356.783762,11267997.23,1,,,
8/31/2022,7830,6351.358778,1478.641222,1478.641222,2186379.862,1,,,
9/1/2022,8736,6814.320031,1921.679969,1921.679969,3692853.904,1,,,
9/2/2022,11152,7157.745667,3994.254333,3994.254333,15954067.68,1,,,
9/3/2022,15664,6689.091329,8974.908671,8974.908671,80548985.65,1,,,
9/4/2022,7555,6127.900592,1427.099408,1427.099408,2036612.721,1,,,
9/5/2022,8534,5091.123488,3442.876512,3442.876512,11853398.68,1,,,
9/6/2022,3647,3356.463997,290.536003,290.536003,84411.16904,1,,,
9/7/2022,2383,2581.221792,-198.2217922,198.2217922,39291.87889,1,,,
9/8/2022,3526,2118.626293,1407.373707,1407.373707,1980700.751,1,,,
9/9/2022,4326,1245.190416,3080.809584,3080.809584,9491387.694,1,,,
9/10/2022,11013,671.0578652,10341.94213,10341.94213,106955767.1,1,,,
9/11/2022,7616,1079.043514,6536.956486,6536.956486,42731800.1,1,,,
9/12/2022,1384,945.5694112,438.4305888,438.4305888,192221.3812,1,,,
9/13/2022,1846,476.6694764,1369.330524,1369.330524,1875066.083,1,,,
9/14/2022,3485,800.355256,2684.644744,2684.644744,7207317.402,1,,,
9/15/2022,3026,1511.225837,1514.774163,1514.774163,2294540.766,1,,,
9/16/2022,3421,2358.821596,1062.178404,1062.178404,1128222.961,1,,,
9/17/2022,10354,1885.340644,8468.659356,8468.659356,71718191.29,1,,,
9/18/2022,3805,1179.501375,2625.498625,2625.498625,6893243.032,1,,,
9/19/2022,4094,856.7381001,3237.2619,3237.2619,10479864.61,1,,,
9/20/2022,3654,897.3194438,2756.680556,2756.680556,7599287.689,1,,,
9/21/2022,1797,1399.553429,397.4465705,397.4465705,157963.7764,1,,,
9/22/2022,2186,1633.650494,552.3495059,552.3495059,305089.9767,1,,,
9/23/2022,2685,1720.800396,964.1996038,964.1996038,929680.8759,1,,,
9/24/2022,6855,1618.813051,5236.186949,5236.186949,27417653.76,1,,,
9/25/2022,1205,638.4301598,566.5698402,566.5698402,321001.3839,1,,,
9/26/2022,1238,130.3497831,1107.650217,1107.650217,1226889.003,1,,,
9/27/2022,1006,347.6213242,658.3786758,658.3786758,433462.4808,1,,,
9/28/2022,1729,173.8106621,1555.189338,1555.189338,2418613.877,1,,,
9/29/2022,2324,0,2324,2324,5400976,1,,,
9/30/2022,3261,0,3261,3261,10634121,1,,,
10/1/2022,4144,0,4144,4144,17172736,1,,,
10/2/2022,3946,0,3946,3946,15570916,1,,,
10/3/2022,1740,0,1740,1740,3027600,1,,,
10/4/2022,1910,0,1910,1910,3648100,1,,,
10/5/2022,2548,0,2548,2548,6492304,1,,,
10/6/2022,1817,0,1817,1817,3301489,1,,,
10/7/2022,1411,17.77388942,1393.226111,1393.226111,1941078.995,1,,,
10/8/2022,3464,71.09555769,3392.904442,3392.904442,11511800.55,1,,,
10/9/2022,4090,35.54777885,4054.452221,4054.452221,16438582.81,1,,,
10/10/2022,4603,0,4603,4603,21187609,1,,,
10/11/2022,2779,0,2779,2779,7722841,1,,,
10/12/2022,1511,0,1511,1511,2283121,1,,,
10/13/2022,927,0,927,927,859329,1,,,
10/14/2022,2037,0,2037,2037,4149369,1,,,
10/15/2022,2256,0,2256,2256,5089536,1,,,
10/16/2022,2539,0,2539,2539,6446521,1,,,
10/17/2022,1039,0,1039,1039,1079521,1,,,
10/18/2022,940,0,940,940,883600,1,,,
10/19/2022,1655,0,1655,1655,2739025,1,,,
10/20/2022,1008,0,1008,1008,1016064,1,,,
10/21/2022,1850,0,1850,1850,3422500,1,,,
10/22/2022,4703,0,4703,4703,22118209,1,,,
10/23/2022,4441,0,4441,4441,19722481,1,,,
10/24/2022,2332,0,2332,2332,5438224,1,,,
10/25/2022,1796,0,1796,1796,3225616,1,,,
10/26/2022,982,0,982,982,964324,1,,,
10/27/2022,1726,0,1726,1726,2979076,1,,,
10/28/2022,1650,0,1650,1650,2722500,1,,,
10/29/2022,3152,0,3152,3152,9935104,1,,,
10/30/2022,1935,0,1935,1935,3744225,1,,,
10/31/2022,1157,0,1157,1157,1338649,1,,,
11/1/2022,1315,0,1315,1315,1729225,1,,,
11/2/2022,1447,0,1447,1447,2093809,1,,,
11/3/2022,915,0,915,915,837225,1,,,
11/4/2022,1618,0,1618,1618,2617924,1,,,
11/5/2022,3425,0,3425,3425,11730625,1,,,
11/6/2022,3425,0,3425,3425,11730625,1,,,
11/7/2022,1319,0,1319,1319,1739761,1,,,
11/8/2022,1171,0,1171,1171,1371241,1,,,
11/9/2022,1141,0,1141,1141,1301881,1,,,
11/10/2022,1919,0,1919,1919,3682561,1,,,
11/11/2022,688,0,688,688,473344,1,,,
11/12/2022,1718,0,1718,1718,2951524,1,,,
11/13/2022,1017,0,1017,1017,1034289,1,,,
11/14/2022,966,0,966,966,933156,1,,,
11/15/2022,577,0,577,577,332929,1,,,
11/16/2022,573,0,573,573,328329,1,,,
11/17/2022,756,0,756,756,571536,1,,,
11/18/2022,632,0,632,632,399424,1,,,
11/19/2022,804,0,804,804,646416,1,,,
11/20/2022,501,0,501,501,251001,1,,,
11/21/2022,758,0,758,758,574564,1,,,
11/22/2022,872,0,872,872,760384,1,,,
11/23/2022,1032,0,1032,1032,1065024,1,,,
11/24/2022,776,0,776,776,602176,1,,,
11/25/2022,1097,0,1097,1097,1203409,1,,,
11/26/2022,1915,0,1915,1915,3667225,1,,,
11/27/2022,341,0,341,341,116281,1,,,
11/28/2022,804,0,804,804,646416,1,,,
11/29/2022,772,0,772,772,595984,1,,,
11/30/2022,589,0,589,589,346921,1,,,
12/1/2022,673,0,673,673,452929,1,,,
12/2/2022,667,0,667,667,444889,1,,,
12/3/2022,620,0,620,620,384400,1,,,
12/4/2022,881,0,881,881,776161,1,,,
12/5/2022,552,0,552,552,304704,1,,,
12/6/2022,683,0,683,683,466489,1,,,
12/7/2022,771,0,771,771,594441,1,,,
12/8/2022,995,0,995,995,990025,1,,,
12/9/2022,692,0,692,692,478864,1,,,
12/10/2022,592,0,592,592,350464,1,,,
12/11/2022,334,0,334,334,111556,1,,,
12/12/2022,642,0,642,642,412164,1,,,
12/13/2022,660,0,660,660,435600,1,,,
12/14/2022,513,0,513,513,263169,1,,,
12/15/2022,417,0,417,417,173889,1,,,
12/16/2022,688,0,688,688,473344,1,,,
12/17/2022,673,0,673,673,452929,1,,,
12/18/2022,525,0,525,525,275625,1,,,
12/19/2022,806,0,806,806,649636,1,,,
12/20/2022,747,0,747,747,558009,1,,,
12/21/2022,962,0,962,962,925444,1,,,
12/22/2022,671,0,671,671,450241,1,,,
12/23/2022,79,0,79,79,6241,1,,,
12/24/2022,0,0,0,0,0,1,,,
12/25/2022,503,0,503,503,253009,1,,,
12/26/2022,529,0,529,529,279841,1,,,
12/27/2022,768,0,768,768,589824,1,,,
12/28/2022,778,0,778,778,605284,1,,,
12/29/2022,1312,0,1312,1312,1721344,1,,,
12/30/2022,843,0,843,843,710649,1,,,
12/31/2022,559,0,559,559,312481,1,,,
1/1/2023,731,0,731,731,534361,1,,,
1/2/2023,1155,0,1155,1155,1334025,1,,,
1/3/2023,421,0,421,421,177241,1,,,
1/4/2023,411,0,411,411,168921,1,,,
1/5/2023,637,0,637,637,405769,1,,,
1/6/2023,671,0,671,671,450241,1,,,
1/7/2023,981,0,981,981,962361,1,,,
1/8/2023,540,0,540,540,291600,1,,,
1/9/2023,744,0,744,744,553536,1,,,
1/10/2023,662,0,662,662,438244,1,,,
1/11/2023,603,0,603,603,363609,1,,,
1/12/2023,564,0,564,564,318096,1,,,
1/13/2023,400,0,400,400,160000,1,,,
1/14/2023,845,0,845,845,714025,1,,,
1/15/2023,880,0,880,880,774400,1,,,
1/16/2023,767,0,767,767,588289,1,,,
1/17/2023,343,0,343,343,117649,1,,,
1/18/2023,775,0,775,775,600625,1,,,
1/19/2023,540,0,540,540,291600,1,,,
1/20/2023,678,0,678,678,459684,1,,,
1/21/2023,714,0,714,714,509796,1,,,
1/22/2023,388,0,388,388,150544,1,,,
1/23/2023,952,0,952,952,906304,1,,,
1/24/2023,669,0,669,669,447561,1,,,
1/25/2023,688,0,688,688,473344,1,,,
1/26/2023,453,0,453,453,205209,1,,,
1/27/2023,646,0,646,646,417316,1,,,
1/28/2023,730,0,730,730,532900,1,,,
1/29/2023,328,0,328,328,107584,1,,,
1/30/2023,674,0,674,674,454276,1,,,
1/31/2023,515,0,515,515,265225,1,,,
2/1/2023,829,0,829,829,687241,1,,,
2/2/2023,751,0,751,751,564001,1,,,
2/3/2023,508,0,508,508,258064,1,,,
2/4/2023,111,0,111,111,12321,1,,,
2/5/2023,778,0,778,778,605284,1,,,
2/6/2023,743,0,743,743,552049,1,,,
2/7/2023,457,0,457,457,208849,1,,,
2/8/2023,851,0,851,851,724201,1,,,
2/9/2023,492,0,492,492,242064,1,,,
2/10/2023,677,0,677,677,458329,1,,,
2/11/2023,1170,0,1170,1170,1368900,1,,,
2/12/2023,1340,0,1340,1340,1795600,1,,,
2/13/2023,856,0,856,856,732736,1,,,
2/14/2023,896,0,896,896,802816,1,,,
2/15/2023,650,0,650,650,422500,1,,,
2/16/2023,828,0,828,828,685584,1,,,
2/17/2023,515,0,515,515,265225,1,,,
2/18/2023,926,0,926,926,857476,1,,,
2/19/2023,1451,0,1451,1451,2105401,1,,,
2/20/2023,1626,0,1626,1626,2643876,1,,,
2/21/2023,853,0,853,853,727609,1,,,
2/22/2023,553,0,553,553,305809,1,,,
2/23/2023,344,0,344,344,118336,1,,,
2/24/2023,836,0,836,836,698896,1,,,
2/25/2023,532,0,532,532,283024,1,,,
2/26/2023,896,0,896,896,802816,1,,,
2/27/2023,506,0,506,506,256036,1,,,
2/28/2023,855,0,855,855,731025,1,,,
3/1/2023,805,0,805,805,648025,1,,,
3/2/2023,959,0,959,959,919681,1,,,
3/3/2023,616,0,616,616,379456,1,,,
3/4/2023,717,0,717,717,514089,1,,,
3/5/2023,867,0,867,867,751689,1,,,
3/6/2023,741,0,741,741,549081,1,,,
3/7/2023,646,0,646,646,417316,1,,,
3/8/2023,1040,0,1040,1040,1081600,1,,,
3/9/2023,760,0,760,760,577600,1,,,
3/10/2023,714,0,714,714,509796,1,,,
3/11/2023,751,0,751,751,564001,1,,,
3/12/2023,672,0,672,672,451584,1,,,
3/13/2023,591,0,591,591,349281,1,,,
3/14/2023,544,0,544,544,295936,1,,,
3/15/2023,1051,0,1051,1051,1104601,1,,,
3/16/2023,891,0,891,891,793881,1,,,
3/17/2023,476,0,476,476,226576,1,,,
3/18/2023,714,0,714,714,509796,1,,,
3/19/2023,636,0,636,636,404496,1,,,
3/20/2023,1133,0,1133,1133,1283689,1,,,
3/21/2023,1157,0,1157,1157,1338649,1,,,
3/22/2023,806,0,806,806,649636,1,,,
3/23/2023,704,0,704,704,495616,1,,,
3/24/2023,1124,0,1124,1124,1263376,1,,,
3/25/2023,317,0,317,317,100489,1,,,
3/26/2023,2179,0,2179,2179,4748041,1,,,
3/27/2023,748,0,748,748,559504,1,,,
3/28/2023,807,0,807,807,651249,1,,,
3/29/2023,612,0,612,612,374544,1,,,
3/30/2023,957,0,957,957,915849,1,,,
3/31/2023,454,0,454,454,206116,1,,,
4/1/2023,1279,0,1279,1279,1635841,1,,,
4/2/2023,1711,0,1711,1711,2927521,1,,,
4/3/2023,1278,0,1278,1278,1633284,1,,,
4/4/2023,716,0,716,716,512656,1,,,
4/5/2023,1560,0,1560,1560,2433600,1,,,
4/6/2023,1497,0,1497,1497,2241009,1,,,
4/7/2023,4149,0,4149,4149,17214201,1,,,
4/8/2023,4030,0,4030,4030,16240900,1,,,
4/9/2023,4738,0,4738,4738,22448644,1,,,
4/10/2023,3217,0,3217,3217,10349089,1,,,
4/11/2023,1921,0,1921,1921,3690241,1,,,
4/12/2023,3149,0,3149,3149,9916201,1,,,
4/13/2023,3728,0,3728,3728,13897984,1,,,
4/14/2023,3422,0,3422,3422,11710084,1,,,
4/15/2023,5908,0,5908,5908,34904464,1,,,
4/16/2023,4992,0,4992,4992,24920064,1,,,
4/17/2023,817,0,817,817,667489,1,,,
4/18/2023,1027,0,1027,1027,1054729,1,,,
4/19/2023,1379,0,1379,1379,1901641,1,,,
4/20/2023,1416,0,1416,1416,2005056,1,,,
4/21/2023,1976,0,1976,1976,3904576,1,,,
4/22/2023,1202,0,1202,1202,1444804,1,,,
4/23/2023,2603,0,2603,2603,6775609,1,,,
4/24/2023,1306,0,1306,1306,1705636,1,,,
4/25/2023,1710,0,1710,1710,2924100,1,,,
4/26/2023,2025,0,2025,2025,4100625,1,,,
4/27/2023,3162,0,3162,3162,9998244,1,,,
4/28/2023,1407,0,1407,1407,1979649,1,,,
4/29/2023,1066,0,1066,1066,1136356,1,,,
4/30/2023,716,0,716,716,512656,1,,,
5/1/2023,1411,0,1411,1411,1990921,1,,,
5/2/2023,1127,0,1127,1127,1270129,1,,,
5/3/2023,1109,0,1109,1109,1229881,1,,,
5/4/2023,1843,0,1843,1843,3396649,1,,,
5/5/2023,3298,0,3298,3298,10876804,1,,,
5/6/2023,9031,0,9031,9031,81558961,1,,,
5/7/2023,1928,0,1928,1928,3717184,1,,,
5/8/2023,2890,0,2890,2890,8352100,1,,,
5/9/2023,2637,0,2637,2637,6953769,1,,,
5/10/2023,2853,0,2853,2853,8139609,1,,,
5/11/2023,3257,0,3257,3257,10608049,1,,,
5/12/2023,4034,0,4034,4034,16273156,1,,,
5/13/2023,10688,0,10688,10688,114233344,1,,,
5/14/2023,7845,0,7845,7845,61544025,1,,,
5/15/2023,2984,0,2984,2984,8904256,1,,,
5/16/2023,2794,0,2794,2794,7806436,1,,,
5/17/2023,1767,0,1767,1767,3122289,1,,,
5/18/2023,2522,74.94597316,2447.054027,2447.054027,5988073.41,1,,,
5/19/2023,3484,584.769198,2899.230802,2899.230802,8405539.243,1,,,
5/20/2023,5348,1614.22476,3733.77524,3733.77524,13941077.54,1,,,
5/21/2023,19826,2012.060148,17813.93985,17813.93985,317336453,1,,,
5/22/2023,12999,1652.288687,11346.71131,11346.71131,128747857.6,1,,,
5/23/2023,4600,1329.432865,3270.567135,3270.567135,10696609.38,1,,,
5/24/2023,2130,663.1098373,1466.890163,1466.890163,2151766.749,1,,,
5/25/2023,3012,293.844686,2718.155314,2718.155314,7388368.311,1,,,
5/26/2023,4083,561.114746,3521.885254,3521.885254,12403675.74,1,,,
5/27/2023,13183,616.6939383,12566.30606,12566.30606,157912048,1,,,
5/28/2023,13228,440.3832077,12787.61679,12787.61679,163523143.2,1,,,
5/29/2023,4807,197.4553852,4609.544615,4609.544615,21247901.56,1,,,
5/30/2023,3921,28.18900969,3892.81099,3892.81099,15153977.41,1,,,
5/31/2023,4767,0,4767,4767,22724289,1,,,
6/1/2023,4480,210.6635531,4269.336447,4269.336447,18227233.7,1,,,
6/2/2023,5311,421.3271061,4889.672894,4889.672894,23908901.01,1,,,
6/3/2023,13987,402.9088413,13584.09116,13584.09116,184527532.6,1,,,
6/4/2023,11039,384.4905765,10654.50942,10654.50942,113518571.1,1,,,
6/5/2023,4478,223.8057591,4254.194241,4254.194241,18098168.64,1,,,
6/6/2023,3970,181.3833533,3788.616647,3788.616647,14353616.1,1,,,
6/7/2023,4416,527.9828652,3888.017135,3888.017135,15116677.24,1,,,
6/8/2023,2025,589.6288969,1435.371103,1435.371103,2060290.204,2,,,
6/9/2023,2700,932.3073705,1767.69263,1767.69263,3124737.233,2,,,
6/10/2023,13619,1045.590247,12573.40975,12573.40975,158090632.8,2,,,
6/11/2023,5076,1214.315981,3861.684019,3861.684019,14912603.46,2,,,
6/12/2023,2554,1069.908292,1484.091708,1484.091708,2202528.198,2,,,
6/13/2023,3561,568.6257498,2992.37425,2992.37425,8954303.653,2,,,
6/14/2023,2497,569.4311883,1927.568812,1927.568812,3715521.524,2,,,
6/15/2023,3077,1387.14328,1689.85672,1689.85672,2855615.733,2,,,
6/16/2023,4287,2399.282713,1887.717287,1887.717287,3563476.556,2,,,
6/17/2023,21429,2756.187997,18672.812,18672.812,348673908.1,2,,,
6/18/2023,18343,3147.610599,15195.3894,15195.3894,230899859,2,,,
6/19/2023,6510,3501.452576,3008.547424,3008.547424,9051357.603,2,,,
6/20/2023,7293,2785.443085,4507.556915,4507.556915,20318069.34,2,,,
6/21/2023,6843,2012.884376,4830.115624,4830.115624,23330016.94,2,,,
6/22/2023,6030,1682.556001,4347.443999,4347.443999,18900269.33,2,,,
6/23/2023,4385,1059.777233,3325.222767,3325.222767,11057106.45,2,,,
6/24/2023,5564,1290.466275,4273.533725,4273.533725,18263090.5,2,,,
6/25/2023,13746,2824.918036,10921.08196,10921.08196,119270031.3,2,,,
6/26/2023,3470,3006.324494,463.6755063,463.6755063,214994.9751,2,,,
6/27/2023,1987,1798.663731,188.3362695,188.3362695,35470.5504,2,,,
6/28/2023,5910,2040.840149,3869.159851,3869.159851,14970397.95,2,,,
6/29/2023,8322,3531.07058,4790.92942,4790.92942,22953004.71,2,,,
6/30/2023,7155,5033.437703,2121.562297,2121.562297,4501026.579,2,,,
7/1/2023,18635,6139.426059,12495.57394,12495.57394,156139368.1,2,,,
7/2/2023,7857,6162.322145,1694.677855,1694.677855,2871933.031,2,,,
7/3/2023,13064,5609.578799,7454.421201,7454.421201,55568395.44,2,,,
7/4/2023,9757,4933.021852,4823.978148,4823.978148,23270765.17,2,,,
7/5/2023,14494,4011.927821,10482.07218,10482.07218,109873837.2,2,,,
7/6/2023,5496,3925.906001,1570.093999,1570.093999,2465195.167,2,,,
7/7/2023,10803,4400.971754,6402.028246,6402.028246,40985965.66,2,,,
7/8/2023,16770,3915.302967,12854.69703,12854.69703,165243235.8,2,,,
7/9/2023,12170,3642.138486,8527.861514,8527.861514,72724422,2,,,
7/10/2023,9574,4263.948368,5310.051632,5310.051632,28196648.33,2,,,
7/11/2023,6775,4107.370482,2667.629518,2667.629518,7116247.245,2,,,
7/12/2023,9322,3587.813046,5734.186954,5734.186954,32880900.03,2,,,
7/13/2023,5465,3977.858055,1487.141945,1487.141945,2211591.163,2,,,
7/14/2023,11960,4660.137899,7299.862101,7299.862101,53287986.7,2,,,
7/15/2023,14028,4831.341323,9196.658677,9196.658677,84578530.81,2,,,
7/16/2023,17008,4939.366568,12068.63343,12068.63343,145651912.9,2,,,
7/17/2023,7927,5291.650815,2635.349185,2635.349185,6945065.329,2,,,
7/18/2023,8344,4862.807958,3481.192042,3481.192042,12118698.04,2,,,
7/19/2023,11270,4074.696607,7195.303393,7195.303393,51772390.91,2,,,
7/20/2023,7124,4452.036627,2671.963373,2671.963373,7139388.268,2,,,
7/21/2023,9438,4618.239758,4819.760242,4819.760242,23230088.79,2,,,
7/22/2023,20861,3929.224005,16931.776,16931.776,286685038.4,2,,,
7/23/2023,15453,4372.240345,11080.75965,11080.75965,122783234.5,2,,,
7/24/2023,6000,4552.362556,1447.637444,1447.637444,2095654.168,2,,,
7/25/2023,7678,3950.752772,3727.247228,3727.247228,13892371.9,2,,,
7/26/2023,10427,4708.829582,5718.170418,5718.170418,32697472.93,2,,,
7/27/2023,8482,5471.314513,3010.685487,3010.685487,9064227.1,2,,,
7/28/2023,9915,5387.424885,4527.575115,4527.575115,20498936.42,2,,,
7/29/2023,7269,5089.472145,2179.527855,2179.527855,4750341.669,2,,,
7/30/2023,18959,5060.00874,13898.99126,13898.99126,193181958,2,,,
7/31/2023,8832,6577.895042,2254.104958,2254.104958,5080989.163,2,,,
8/1/2023,10118,7753.33193,2364.66807,2364.66807,5591655.081,2,,,
8/2/2023,9614,7316.346901,2297.653099,2297.653099,5279209.764,2,,,
8/3/2023,8506,7322.212067,1183.787933,1183.787933,1401353.87,2,,,
8/4/2023,11050,7539.957958,3510.042042,3510.042042,12320395.14,2,,,
8/5/2023,18473,7529.184963,10943.81504,10943.81504,119767087.6,2,,,
8/6/2023,20905,7660.414611,13244.58539,13244.58539,175419042.1,2,,,
8/7/2023,5146,6684.645629,-1538.645629,1538.645629,2367430.371,2,,,
8/8/2023,6536,5430.940541,1105.059459,1105.059459,1221156.409,2,,,
8/9/2023,12866,5932.38741,6933.61259,6933.61259,48074983.55,2,,,
8/10/2023,5617,6875.876549,-1258.876549,1258.876549,1584770.164,2,,,
8/11/2023,12953,6640.910502,6312.089498,6312.089498,39842473.84,2,,,
8/12/2023,9302,5989.766862,3312.233138,3312.233138,10970888.36,2,,,
8/13/2023,17859,6316.103065,11542.89693,11542.89693,133238469.6,2,,,
8/14/2023,9616,7220.010404,2395.989596,2395.989596,5740766.145,2,,,
8/15/2023,10788,7038.398564,3749.601436,3749.601436,14059510.93,2,,,
8/16/2023,12521,5584.200325,6936.799675,6936.799675,48119189.72,2,,,
8/17/2023,9912,4736.703554,5175.296446,5175.296446,26783693.3,2,,,
8/18/2023,7759,5747.6742,2011.3258,2011.3258,4045431.473,2,,,
8/19/2023,21001,7231.706001,13769.294,13769.294,189593457.2,2,,,
8/20/2023,17432,7376.974689,10055.02531,10055.02531,101103534,2,,,
8/21/2023,8733,6106.904729,2626.095271,2626.095271,6896376.375,2,,,
8/22/2023,9402,5177.088877,4224.911123,4224.911123,17849873.99,2,,,
8/23/2023,3960,5597.649053,-1637.649053,1637.649053,2681894.422,2,,,
8/24/2023,7147,6283.589269,863.4107313,863.4107313,745478.0909,2,,,
8/25/2023,8749,6396.117155,2352.882845,2352.882845,5536057.681,2,,,
8/26/2023,11611,5901.54377,5709.45623,5709.45623,32597890.45,2,,,
8/27/2023,16421,5549.604729,10871.39527,10871.39527,118187235.1,2,,,
8/28/2023,9843,6004.155218,3838.844782,3838.844782,14736729.26,2,,,
8/29/2023,9528,6118.047586,3409.952414,3409.952414,11627775.47,2,,,
8/30/2023,7220,5666.303652,1553.696348,1553.696348,2413972.341,2,,,
8/31/2023,9687,5692.769699,3994.230301,3994.230301,15953875.7,2,,,
9/1/2023,10984,6325.20786,4658.79214,4658.79214,21704344.21,2,,,
9/2/2023,15873,6798.73741,9074.26259,9074.26259,82342241.56,2,,,
9/3/2023,19473,6804.647586,12668.35241,12668.35241,160487152.9,2,,,
9/4/2023,15092,6378.509523,8713.490477,8713.490477,75924916.29,2,,,
9/5/2023,4466,4954.429582,-488.4295818,488.4295818,238563.4564,2,,,
9/6/2023,4110,3260.469504,849.5304965,849.5304965,721702.0644,2,,,
9/7/2023,2506,2260.672341,245.3276589,245.3276589,60185.66022,2,,,
9/8/2023,3434,1576.933594,1857.066406,1857.066406,3448695.638,2,,,
9/9/2023,9423,900.9533587,8522.046641,8522.046641,72625278.96,2,,,
9/10/2023,9421,945.7742002,8475.2258,8475.2258,71829452.36,2,,,
9/11/2023,3658,1559.922145,2098.077855,2098.077855,4401930.684,2,,,
9/12/2023,1703,1213.629721,489.3702794,489.3702794,239483.2704,2,,,
9/13/2023,2371,447.2296637,1923.770336,1923.770336,3700892.307,2,,,
9/14/2023,3445,554.6431257,2890.356874,2890.356874,8354162.861,2,,,
9/15/2023,4612,1331.499641,3280.500359,3280.500359,10761682.61,2,,,
9/16/2023,11392,1838.77831,9553.22169,9553.22169,91264044.66,2,,,
9/17/2023,6802,1705.934181,5096.065819,5096.065819,25969886.84,2,,,
9/18/2023,2851,1408.770776,1442.229224,1442.229224,2080025.136,2,,,
9/19/2023,2937,963.016666,1973.983334,1973.983334,3896610.203,2,,,
9/20/2023,2963,857.0578597,2105.94214,2105.94214,4434992.298,2,,,
9/21/2023,3292,1140.446999,2151.553001,2151.553001,4629180.318,2,,,
9/22/2023,4149,1195.396999,2953.603001,2953.603001,8723770.69,2,,,
9/23/2023,8292,1261.548173,7030.451827,7030.451827,49427252.89,2,,,
9/24/2023,7479,1192.940149,6286.059851,6286.059851,39514548.45,2,,,
9/25/2023,3184,650.2795249,2533.720475,2533.720475,6419739.446,2,,,
9/26/2023,2127,175.7713467,1951.228653,1951.228653,3807293.258,2,,,
9/27/2023,2409,72.75862652,2336.241373,2336.241373,5458023.755,2,,,
9/28/2023,2216,36.37931326,2179.620687,2179.620687,4750746.338,2,,,
9/29/2023,3980,0,3980,3980,15840400,2,,,
9/30/2023,7452,0,7452,7452,55532304,2,,,
10/1/2023,7375,0,7375,7375,54390625,2,,,
10/2/2023,4441,0,4441,4441,19722481,2,,,
10/3/2023,4042,0,4042,4042,16337764,2,,,
10/4/2023,4003,0,4003,4003,16024009,2,,,
10/5/2023,3364,0,3364,3364,11316496,2,,,
10/6/2023,2957,0,2957,2957,8743849,2,,,
10/7/2023,4655,0,4655,4655,21669025,2,,,
10/8/2023,2330,0,2330,2330,5428900,2,,,
10/9/2023,2654,0,2654,2654,7043716,2,,,
10/10/2023,6751,0,6751,6751,45576001,2,,,
10/11/2023,1804,0,1804,1804,3254416,2,,,
10/12/2023,2408,0,2408,2408,5798464,2,,,
10/13/2023,2067,0,2067,2067,4272489,2,,,
10/14/2023,2209,0,2209,2209,4879681,2,,,
10/15/2023,1785,0,1785,1785,3186225,2,,,
10/16/2023,1524,0,1524,1524,2322576,2,,,
10/17/2023,1927,0,1927,1927,3713329,2,,,
10/18/2023,1763,0,1763,1763,3108169,2,,,
10/19/2023,1608,0,1608,1608,2585664,2,,,
10/20/2023,966,0,966,966,933156,2,,,
10/21/2023,2212,0,2212,2212,4892944,2,,,
10/22/2023,2326,0,2326,2326,5410276,2,,,
10/23/2023,1763,0,1763,1763,3108169,2,,,
10/24/2023,2179,0,2179,2179,4748041,2,,,
10/25/2023,1673,0,1673,1673,2798929,2,,,
10/26/2023,987,0,987,987,974169,2,,,
10/27/2023,2268,0,2268,2268,5143824,2,,,
10/28/2023,3971,0,3971,3971,15768841,2,,,
10/29/2023,1126,0,1126,1126,1267876,2,,,
10/30/2023,1873,0,1873,1873,3508129,2,,,
10/31/2023,1365,0,1365,1365,1863225,2,,,
11/1/2023,921,0,921,921,848241,2,,,
11/2/2023,954,0,954,954,910116,2,,,
11/3/2023,1262,0,1262,1262,1592644,2,,,
11/4/2023,1570,0,1570,1570,2464900,2,,,
11/5/2023,1871,0,1871,1871,3500641,2,,,
11/6/2023,695,0,695,695,483025,2,,,
11/7/2023,797,0,797,797,635209,2,,,
11/8/2023,981,0,981,981,962361,2,,,
11/9/2023,947,0,947,947,896809,2,,,
11/10/2023,1370,0,1370,1370,1876900,2,,,
11/11/2023,1233,0,1233,1233,1520289,2,,,
11/12/2023,1392,0,1392,1392,1937664,2,,,
11/13/2023,1942,0,1942,1942,3771364,2,,,
11/14/2023,837,0,837,837,700569,2,,,
11/15/2023,1008,0,1008,1008,1016064,2,,,
11/16/2023,1151,0,1151,1151,1324801,2,,,
11/17/2023,833,0,833,833,693889,2,,,
11/18/2023,1810,0,1810,1810,3276100,2,,,
11/19/2023,1205,0,1205,1205,1452025,2,,,
11/20/2023,899,0,899,899,808201,2,,,
11/21/2023,370,0,370,370,136900,2,,,
11/22/2023,764,0,764,764,583696,2,,,
11/23/2023,874,0,874,874,763876,2,,,
11/24/2023,899,0,899,899,808201,2,,,
11/25/2023,1179,0,1179,1179,1390041,2,,,
11/26/2023,621,0,621,621,385641,2,,,
11/27/2023,2311,0,2311,2311,5340721,2,,,
11/28/2023,510,0,510,510,260100,2,,,
11/29/2023,483,0,483,483,233289,2,,,
11/30/2023,1072,0,1072,1072,1149184,2,,,
12/1/2023,463,0,463,463,214369,2,,,
12/2/2023,744,0,744,744,553536,2,,,
12/3/2023,454,0,454,454,206116,2,,,
12/4/2023,616,0,616,616,379456,2,,,
12/5/2023,575,0,575,575,330625,2,,,
12/6/2023,643,0,643,643,413449,2,,,
12/7/2023,527,0,527,527,277729,2,,,
12/8/2023,645,0,645,645,416025,2,,,
12/9/2023,854,0,854,854,729316,2,,,
12/10/2023,574,0,574,574,329476,2,,,
12/11/2023,545,0,545,545,297025,2,,,
12/12/2023,2489,0,2489,2489,6195121,2,,,
12/13/2023,580,0,580,580,336400,2,,,
12/14/2023,1172,0,1172,1172,1373584,2,,,
12/15/2023,1021,0,1021,1021,1042441,2,,,
12/16/2023,786,0,786,786,617796,2,,,
12/17/2023,571,0,571,571,326041,2,,,
12/18/2023,537,0,537,537,288369,2,,,
12/19/2023,1014,0,1014,1014,1028196,2,,,
12/20/2023,761,0,761,761,579121,2,,,
12/21/2023,930,0,930,930,864900,2,,,
12/22/2023,739,0,739,739,546121,2,,,
12/23/2023,444,0,444,444,197136,2,,,
12/24/2023,951,0,951,951,904401,2,,,
12/25/2023,963,0,963,963,927369,2,,,
12/26/2023,726,0,726,726,527076,2,,,
12/27/2023,428,0,428,428,183184,2,,,
12/28/2023,719,0,719,719,516961,2,,,
12/29/2023,829,0,829,829,687241,2,,,
12/30/2023,1170,0,1170,1170,1368900,2,,,
12/31/2023,1047,0,1047,1047,1096209,2,,,
1/1/2024,940,0,940,940,883600,2,,,
1/2/2024,832,0,832,832,692224,2,,,
1/3/2024,773,0,773,773,597529,2,,,
1/4/2024,907,0,907,907,822649,2,,,
1/5/2024,597,0,597,597,356409,2,,,
1/6/2024,569,0,569,569,323761,2,,,
1/7/2024,494,0,494,494,244036,2,,,
1/8/2024,510,0,510,510,260100,2,,,
1/9/2024,375,0,375,375,140625,2,,,
1/10/2024,473,0,473,473,223729,2,,,
1/11/2024,474,0,474,474,224676,2,,,
1/12/2024,1065,0,1065,1065,1134225,2,,,
1/13/2024,125,0,125,125,15625,2,,,
1/14/2024,290,0,290,290,84100,2,,,
1/15/2024,496,0,496,496,246016,2,,,
1/16/2024,414,0,414,414,171396,2,,,
1/17/2024,484,0,484,484,234256,2,,,
1/18/2024,490,0,490,490,240100,2,,,
1/19/2024,552,0,552,552,304704,2,,,
1/20/2024,446,0,446,446,198916,2,,,
1/21/2024,825,0,825,825,680625,2,,,
1/22/2024,526,0,526,526,276676,2,,,
1/23/2024,242,0,242,242,58564,2,,,
1/24/2024,460,0,460,460,211600,2,,,
1/25/2024,545,0,545,545,297025,2,,,
1/26/2024,517,0,517,517,267289,2,,,
1/27/2024,592,0,592,592,350464,2,,,
1/28/2024,599,0,599,599,358801,2,,,
1/29/2024,1327,0,1327,1327,1760929,2,,,
1/30/2024,533,0,533,533,284089,2,,,
1/31/2024,669,0,669,669,447561,2,,,
2/1/2024,466,0,466,466,217156,2,,,
2/2/2024,761,0,761,761,579121,2,,,
2/3/2024,1363,0,1363,1363,1857769,2,,,
2/4/2024,1230,0,1230,1230,1512900,2,,,
2/5/2024,551,0,551,551,303601,2,,,
2/6/2024,647,0,647,647,418609,2,,,
2/7/2024,661,0,661,661,436921,2,,,
2/8/2024,649,0,649,649,421201,2,,,
2/9/2024,1068,0,1068,1068,1140624,2,,,
2/10/2024,1672,0,1672,1672,2795584,2,,,
2/11/2024,734,0,734,734,538756,2,,,
2/12/2024,673,0,673,673,452929,2,,,
2/13/2024,908,0,908,908,824464,2,,,
2/14/2024,1477,0,1477,1477,2181529,2,,,
2/15/2024,523,0,523,523,273529,2,,,
2/16/2024,538,0,538,538,289444,2,,,
2/17/2024,794,0,794,794,630436,2,,,
2/18/2024,598,0,598,598,357604,2,,,
2/19/2024,910,0,910,910,828100,2,,,
2/20/2024,924,0,924,924,853776,2,,,
2/21/2024,806,0,806,806,649636,2,,,
2/22/2024,782,0,782,782,611524,2,,,
2/23/2024,892,0,892,892,795664,2,,,
2/24/2024,770,0,770,770,592900,2,,,
2/25/2024,769,0,769,769,591361,2,,,
2/26/2024,1170,0,1170,1170,1368900,2,,,
2/27/2024,1216,0,1216,1216,1478656,2,,,
2/28/2024,561,0,561,561,314721,2,,,
2/29/2024,667,0,667,667,444889,2,,,
3/1/2024,1145,0,1145,1145,1311025,2,,,
3/2/2024,824,0,824,824,678976,2,,,
3/3/2024,921,0,921,921,848241,2,,,
3/4/2024,1383,0,1383,1383,1912689,2,,,
3/5/2024,945,0,945,945,893025,2,,,
3/6/2024,837,0,837,837,700569,2,,,
3/7/2024,1438,0,1438,1438,2067844,2,,,
3/8/2024,993,0,993,993,986049,2,,,
3/9/2024,460,0,460,460,211600,2,,,
3/10/2024,520,0,520,520,270400,2,,,
3/11/2024,1230,0,1230,1230,1512900,2,,,
3/12/2024,1345,0,1345,1345,1809025,2,,,
3/13/2024,3113,0,3113,3113,9690769,2,,,
3/14/2024,769,0,769,769,591361,2,,,
3/15/2024,1121,0,1121,1121,1256641,2,,,
3/16/2024,1244,0,1244,1244,1547536,2,,,
3/17/2024,833,0,833,833,693889,2,,,
3/18/2024,822,0,822,822,675684,2,,,
3/19/2024,679,0,679,679,461041,2,,,
3/20/2024,765,0,765,765,585225,2,,,
3/21/2024,813,0,813,813,660969,2,,,
3/22/2024,558,0,558,558,311364,2,,,
3/23/2024,963,0,963,963,927369,2,,,
3/24/2024,1216,0,1216,1216,1478656,2,,,
3/25/2024,1176,0,1176,1176,1382976,2,,,
3/26/2024,816,0,816,816,665856,2,,,
3/27/2024,1228,0,1228,1228,1507984,2,,,
3/28/2024,1568,0,1568,1568,2458624,2,,,
3/29/2024,2119,0,2119,2119,4490161,2,,,
3/30/2024,2624,0,2624,2624,6885376,2,,,
3/31/2024,2469,0,2469,2469,6095961,2,,,
4/1/2024,1691,0,1691,1691,2859481,2,,,
4/2/2024,722,0,722,722,521284,2,,,
4/3/2024,559,0,559,559,312481,2,,,
4/4/2024,553,0,553,553,305809,2,,,
4/5/2024,1145,0,1145,1145,1311025,2,,,
4/6/2024,2682,0,2682,2682,7193124,2,,,
4/7/2024,3356,0,3356,3356,11262736,2,,,
4/8/2024,1182,0,1182,1182,1397124,2,,,
4/9/2024,1382,0,1382,1382,1909924,2,,,
4/10/2024,2083,0,2083,2083,4338889,2,,,
4/11/2024,720,0,720,720,518400,2,,,
4/12/2024,596,0,596,596,355216,2,,,
4/13/2024,1600,0,1600,1600,2560000,2,,,
4/14/2024,2266,0,2266,2266,5134756,2,,,
4/15/2024,2033,0,2033,2033,4133089,2,,,
4/16/2024,1969,0,1969,1969,3876961,2,,,
4/17/2024,645,0,645,645,416025,2,,,
4/18/2024,1220,0,1220,1220,1488400,2,,,
4/19/2024,1333,0,1333,1333,1776889,2,,,
4/20/2024,1543,0,1543,1543,2380849,2,,,
4/21/2024,2185,0,2185,2185,4774225,2,,,
4/22/2024,2344,0,2344,2344,5494336,2,,,
4/23/2024,1088,0,1088,1088,1183744,2,,,
4/24/2024,1610,0,1610,1610,2592100,2,,,
4/25/2024,2029,0,2029,2029,4116841,2,,,
4/26/2024,2590,0,2590,2590,6708100,2,,,
4/27/2024,1313,0,1313,1313,1723969,2,,,
4/28/2024,2225,0,2225,2225,4950625,2,,,
4/29/2024,1871,0,1871,1871,3500641,2,,,
4/30/2024,1179,0,1179,1179,1390041,2,,,
5/1/2024,2496,0,2496,2496,6230016,2,,,
5/2/2024,3645,0,3645,3645,13286025,2,,,
5/3/2024,1576,0,1576,1576,2483776,2,,,
5/4/2024,6020,0,6020,6020,36240400,2,,,
5/5/2024,1867,0,1867,1867,3485689,2,,,
5/6/2024,3389,0,3389,3389,11485321,2,,,
5/7/2024,3078,0,3078,3078,9474084,2,,,
5/8/2024,2610,0,2610,2610,6812100,2,,,
5/9/2024,1850,0,1850,1850,3422500,2,,,
5/10/2024,2317,0,2317,2317,5368489,2,,,
5/11/2024,3483,0,3483,3483,12131289,2,,,
5/12/2024,6140,0,6140,6140,37699600,2,,,
5/13/2024,1727,0,1727,1727,2982529,2,,,
5/14/2024,1693,0,1693,1693,2866249,2,,,
5/15/2024,2270,0,2270,2270,5152900,2,,,
5/16/2024,3265,0,3265,3265,10660225,2,,,
5/17/2024,2092,3.154413765,2088.845586,2088.845586,4363275.883,2,,,
5/18/2024,11046,427.6924579,10618.30754,10618.30754,112748455.1,2,,,
5/19/2024,16516,1304.840497,15211.1595,15211.1595,231379373.4,2,,,
5/20/2024,15707,1612.134822,14094.86518,14094.86518,198665224.4,2,,,
5/21/2024,3674,1620.515992,2053.484008,2053.484008,4216796.572,2,,,
5/22/2024,2647,1599.503598,1047.496402,1047.496402,1097248.712,2,,,
5/23/2024,4030,1083.685127,2946.314873,2946.314873,8680771.332,2,,,
5/24/2024,5291,483.1425052,4807.857495,4807.857495,23115493.69,2,,,
5/25/2024,4304,285.4275308,4018.572469,4018.572469,16148924.69,2,,,
5/26/2024,12607,245.267938,12361.73206,12361.73206,152812419.6,2,,,
5/27/2024,1976,447.1683076,1528.831692,1528.831692,2337326.344,2,,,
5/28/2024,1738,737.3002059,1000.699794,1000.699794,1001400.078,2,,,
5/29/2024,4195,563.5323979,3631.467602,3631.467602,13187556.95,2,,,
5/30/2024,4051,168.3619553,3882.638045,3882.638045,15074878.19,2,,,
5/31/2024,5052,117.6757445,4934.324256,4934.324256,24347555.86,2,,,
6/1/2024,11468,156.9009927,11311.09901,11311.09901,127940960.8,2,,,
6/2/2024,3511,361.5464626,3149.453537,3149.453537,9919057.584,2,,,
6/3/2024,4526,456.5040257,4069.495974,4069.495974,16560797.48,2,,,
6/4/2024,4510,598.710208,3911.289792,3911.289792,15298187.84,2,,,
6/5/2024,3838,520.6469769,3317.353023,3317.353023,11004831.08,2,,,
6/6/2024,4075,455.5230369,3619.476963,3619.476963,13100613.49,2,,,
6/7/2024,2664,490.9155678,2173.084432,2173.084432,4722295.95,3,,,
6/8/2024,9781,641.9167854,9139.083215,9139.083215,83522842,3,,,
6/9/2024,4495,1184.25126,3310.74874,3310.74874,10961057.22,3,,,
6/10/2024,3640,1617.530827,2022.469173,2022.469173,4090381.558,3,,,
6/11/2024,4039,1146.035848,2892.964152,2892.964152,8369241.586,3,,,
6/12/2024,5653,514.281725,5138.718275,5138.718275,26406425.51,3,,,
6/13/2024,5324,418.3968199,4905.60318,4905.60318,24064942.56,3,,,
6/14/2024,6311,1235.582196,5075.417804,5075.417804,25759865.88,3,,,
6/15/2024,16967,1996.750651,14970.24935,14970.24935,224108365.6,3,,,
6/16/2024,13461,3135.605142,10325.39486,10325.39486,106613779,3,,,
6/17/2024,7425,4400.885126,3024.114874,3024.114874,9145270.769,3,,,
6/18/2024,5791,4354.499967,1436.500033,1436.500033,2063532.346,3,,,
6/19/2024,10965,2971.689008,7993.310992,7993.310992,63893020.62,3,,,
6/20/2024,4853,2130.496276,2722.503724,2722.503724,7412026.53,3,,,
6/21/2024,6029,1696.054875,4332.945125,4332.945125,18774413.45,3,,,
6/22/2024,7082,1060.362524,6021.637476,6021.637476,36260117.9,3,,,
6/23/2024,6783,1455.176108,5327.823892,5327.823892,28385707.42,3,,,
6/24/2024,8144,3070.448178,5073.551822,5073.551822,25740928.09,3,,,
6/25/2024,5539,2938.204,2600.796,2600.796,6764139.834,3,,,
6/26/2024,4688,1726.946009,2961.053991,2961.053991,8767840.737,3,,,
6/27/2024,7621,1870.133186,5750.866814,5750.866814,33072469.12,3,,,
6/28/2024,8895,3433.969639,5461.030361,5461.030361,29822852.6,3,,,
6/29/2024,2768,4966.989883,-2198.989883,2198.989883,4835556.505,3,,,
6/30/2024,16089,6270.224928,9818.775072,9818.775072,96408343.91,3,,,
7/1/2024,18440,6358.108414,12081.89159,12081.89159,145972104.3,3,,,
7/2/2024,7710,5859.973673,1850.026327,1850.026327,3422597.411,3,,,
7/3/2024,6386,5019.195362,1366.804638,1366.804638,1868154.918,3,,,
7/4/2024,10047,4441.305065,5605.694935,5605.694935,31423815.7,3,,,
7/5/2024,9572,4343.419183,5228.580817,5228.580817,27338057.36,3,,,
7/6/2024,16344,4424.719449,11919.28055,11919.28055,142069248.9,3,,,
7/7/2024,16073,4260.717128,11812.28287,11812.28287,139530026.7,3,,,
7/8/2024,8920,4529.774053,4390.225947,4390.225947,19274083.86,3,,,
7/9/2024,6740,4748.69776,1991.30224,1991.30224,3965284.613,3,,,
7/10/2024,1447,4116.926869,-2669.926869,2669.926869,7128509.486,3,,,
7/11/2024,6719,3699.083414,3019.916586,3019.916586,9119896.186,3,,,
7/12/2024,13571,3963.370286,9607.629714,9607.629714,92306548.72,3,,,
7/13/2024,19539,4663.164046,14875.83595,14875.83595,221290495.3,3,,,
7/14/2024,13490,5060.80693,8429.19307,8429.19307,71051295.81,3,,,
7/15/2024,3603,5715.00088,-2112.00088,2112.00088,4460547.716,3,,,
7/16/2024,2190,5744.844791,-3554.844791,3554.844791,12636921.49,3,,,
7/17/2024,8495,4867.545248,3627.454752,3627.454752,13158427.98,3,,,
7/18/2024,9334,4209.009099,5124.990901,5124.990901,26265531.74,3,,,
7/19/2024,11378,4667.136496,6710.863504,6710.863504,45035688.97,3,,,
7/20/2024,17790,4420.465606,13369.53439,13369.53439,178744449.9,3,,,
7/21/2024,13850,4589.458338,9260.541662,9260.541662,85757631.88,3,,,
7/22/2024,8956,5472.219791,3483.780209,3483.780209,12136724.54,3,,,
7/23/2024,8938,4960.601374,3977.398626,3977.398626,15819699.83,3,,,
7/24/2024,3646,4138.055941,-492.0559407,492.0559407,242119.0487,3,,,
7/25/2024,10723,4740.87763,5982.12237,5982.12237,35785788.05,3,,,
7/26/2024,11820,5362.234479,6457.765521,6457.765521,41702735.52,3,,,
7/27/2024,17727,5404.664731,12322.33527,12322.33527,151839946.5,3,,,
7/28/2024,15256,4903.207691,10352.79231,10352.79231,107180308.6,3,,,
7/29/2024,9465,5539.220743,3925.779257,3925.779257,15411742.78,3,,,
7/30/2024,5010,7090.997189,-2080.997189,2080.997189,4330549.3,3,,,
7/31/2024,8994,7564.282653,1429.717347,1429.717347,2044091.692,3,,,
8/1/2024,8022,7119.254799,902.7452009,902.7452009,814948.8977,3,,,
8/2/2024,6402,7092.628163,-690.6281629,690.6281629,476967.2594,3,,,
8/3/2024,12525,7236.914655,5288.085345,5288.085345,27963846.62,3,,,
8/4/2024,17485,7748.011116,9736.988884,9736.988884,94808952.53,3,,,
8/5/2024,15098,8341.401413,6756.598587,6756.598587,45651624.47,3,,,
8/6/2024,3406,6973.39053,-3567.39053,3567.39053,12726275.19,3,,,
8/7/2024,12020,5440.57569,6579.42431,6579.42431,43288824.26,3,,,
8/8/2024,9112,5837.665301,3274.334699,3274.334699,10721267.72,3,,,
8/9/2024,4201,6626.592394,-2425.592394,2425.592394,5883498.463,3,,,
8/10/2024,16951,6393.614464,10557.38554,10557.38554,111458389.4,3,,,
8/11/2024,8010,5978.871276,2031.128724,2031.128724,4125483.895,3,,,
8/12/2024,8182,6770.254647,1411.745353,1411.745353,1993024.942,3,,,
8/13/2024,9319,7457.124129,1861.875871,1861.875871,3466581.758,3,,,
8/14/2024,11299,6987.230484,4311.769516,4311.769516,18591356.36,3,,,
8/15/2024,11149,5560.44403,5588.55597,5588.55597,31231957.82,3,,,
8/16/2024,7946,5157.231245,2788.768755,2788.768755,7777231.168,3,,,
8/17/2024,5785,5882.449928,-97.44992848,97.44992848,9496.488561,3,,,
8/18/2024,6522,7486.777021,-964.7770213,964.7770213,930794.7009,3,,,
8/19/2024,5712,7877.230104,-2165.230104,2165.230104,4688221.401,3,,,
8/20/2024,7496,6611.684974,884.3150259,884.3150259,782013.065,3,,,
8/21/2024,8749,5392.050309,3356.949691,3356.949691,11269111.23,3,,,
8/22/2024,9509,5420.716291,4088.283709,4088.283709,16714063.69,3,,,
8/23/2024,10283,5746.881397,4536.118603,4536.118603,20576371.98,3,,,
8/24/2024,16320,5950.916633,10369.08337,10369.08337,107517889.9,3,,,
8/25/2024,13474,5679.081892,7794.918108,7794.918108,60760748.31,3,,,
8/26/2024,9665,6016.077858,3648.922142,3648.922142,13314632.79,3,,,
8/27/2024,9137,6389.077592,2747.922408,2747.922408,7551077.56,3,,,
8/28/2024,6766,6176.216709,589.7832907,589.7832907,347844.33,3,,,
8/29/2024,9211,5518.503391,3692.496609,3692.496609,13634531.21,3,,,
8/30/2024,9501,5591.296428,3909.703572,3909.703572,15285782.02,3,,,
8/31/2024,13731,6293.257044,7437.742956,7437.742956,55320020.28,3,,,
9/1/2024,17097,6937.463855,10159.53614,10159.53614,103216174.7,3,,,
9/2/2024,11322,7455.560963,3866.439037,3866.439037,14949350.82,3,,,
9/3/2024,3275,7068.041024,-3793.041024,3793.041024,14387160.21,3,,,
9/4/2024,3466,5182.902326,-1716.902326,1716.902326,2947753.596,3,,,
9/5/2024,4518,3071.429114,1446.570886,1446.570886,2092567.328,3,,,
9/6/2024,1255,1848.386953,-593.3869528,593.3869528,352108.0758,3,,,
9/7/2024,9137,1184.360849,7952.639151,7952.639151,63244469.46,3,,,
9/8/2024,6853,859.364997,5993.635003,5993.635003,35923660.55,3,,,
9/9/2024,1750,1453.39091,296.6090898,296.6090898,87976.95214,3,,,
9/10/2024,3164,1750.348406,1413.651594,1413.651594,1998410.828,3,,,
9/11/2024,3258,1060.691708,2197.308292,2197.308292,4828163.731,3,,,
9/12/2024,4127,309.9106063,3817.089394,3817.089394,14570171.44,3,,,
9/13/2024,4295,410.839514,3884.160486,3884.160486,15086702.68,3,,,
9/14/2024,10430,1204.68193,9225.31807,9225.31807,85106493.49,3,,,
9/15/2024,9022,1850.964997,7171.035003,7171.035003,51423743.01,3,,,
9/16/2024,4029,2032.559099,1996.440901,1996.440901,3985776.271,3,,,
9/17/2024,3091,1445.347531,1645.652469,1645.652469,2708172.048,3,,,
9/18/2024,3307,764.05693,2542.94307,2542.94307,6466559.457,3,,,
9/19/2024,3883,643.7256515,3239.274349,3239.274349,10492898.31,3,,,
9/20/2024,4289,851.4315114,3437.568489,3437.568489,11816877.11,3,,,
9/21/2024,7105,965.1092892,6139.890711,6139.890711,37698257.94,3,,,
9/22/2024,6964,1269.673483,5694.326517,5694.326517,32425354.49,3,,,
9/23/2024,1675,1346.079457,328.9205434,328.9205434,108188.7238,3,,,
9/24/2024,1187,802.5376743,384.4623257,384.4623257,147811.2799,3,,,
9/25/2024,1648,199.7870127,1448.212987,1448.212987,2097320.857,3,,,
9/26/2024,3696,0,3696,3696,13660416,3,,,
9/27/2024,3665,0,3665,3665,13432225,3,,,
9/28/2024,6107,0,6107,6107,37295449,3,,,
9/29/2024,6313,0,6313,6313,39853969,3,,,
9/30/2024,3977,0,3977,3977,15816529,3,,,
10/1/2024,1742,0,1742,1742,3034564,3,,,
10/2/2024,2426,0,2426,2426,5885476,3,,,
10/3/2024,3072,0,3072,3072,9437184,3,,,
10/4/2024,2592,0,2592,2592,6718464,3,,,
10/5/2024,6241,0,6241,6241,38950081,3,,,
10/6/2024,2779,0,2779,2779,7722841,3,,,
10/7/2024,2178,0,2178,2178,4743684,3,,,
10/8/2024,1807,0,1807,1807,3265249,3,,,
10/9/2024,1543,0,1543,1543,2380849,3,,,
10/10/2024,2060,0,2060,2060,4243600,3,,,
10/11/2024,3528,0,3528,3528,12446784,3,,,
10/12/2024,5270,0,5270,5270,27772900,3,,,
10/13/2024,2313,0,2313,2313,5349969,3,,,
10/14/2024,2629,0,2629,2629,6911641,3,,,
10/15/2024,1625,0,1625,1625,2640625,3,,,
10/16/2024,1559,0,1559,1559,2430481,3,,,
10/17/2024,2067,0,2067,2067,4272489,3,,,
10/18/2024,2559,0,2559,2559,6548481,3,,,
10/19/2024,4550,0,4550,4550,20702500,3,,,
10/20/2024,4102,0,4102,4102,16826404,3,,,
10/21/2024,3082,0,3082,3082,9498724,3,,,
10/22/2024,2853,0,2853,2853,8139609,3,,,
10/23/2024,1651,0,1651,1651,2725801,3,,,
10/24/2024,1799,0,1799,1799,3236401,3,,,
10/25/2024,1326,0,1326,1326,1758276,3,,,
10/26/2024,2773,0,2773,2773,7689529,3,,,
10/27/2024,2337,0,2337,2337,5461569,3,,,
10/28/2024,1346,0,1346,1346,1811716,3,,,
10/29/2024,781,0,781,781,609961,3,,,
10/30/2024,2002,0,2002,2002,4008004,3,,,
10/31/2024,1807,0,1807,1807,3265249,3,,,
11/1/2024,1145,0,1145,1145,1311025,3,,,
11/2/2024,2261,0,2261,2261,5112121,3,,,
11/3/2024,1743,0,1743,1743,3038049,3,,,
11/4/2024,1016,0,1016,1016,1032256,3,,,
11/5/2024,1570,0,1570,1570,2464900,3,,,
11/6/2024,1409,0,1409,1409,1985281,3,,,
11/7/2024,1358,0,1358,1358,1844164,3,,,
11/8/2024,1352,0,1352,1352,1827904,3,,,
11/9/2024,2164,0,2164,2164,4682896,3,,,
11/10/2024,533,0,533,533,284089,3,,,
11/11/2024,961,0,961,961,923521,3,,,
11/12/2024,1167,0,1167,1167,1361889,3,,,
11/13/2024,3673,0,3673,3673,13490929,3,,,
11/14/2024,675,0,675,675,455625,3,,,
11/15/2024,992,0,992,992,984064,3,,,
11/16/2024,1445,0,1445,1445,2088025,3,,,
11/17/2024,997,0,997,997,994009,3,,,
11/18/2024,1392,0,1392,1392,1937664,3,,,
11/19/2024,757,0,757,757,573049,3,,,
11/20/2024,839,0,839,839,703921,3,,,
11/21/2024,669,0,669,669,447561,3,,,
11/22/2024,791,0,791,791,625681,3,,,
11/23/2024,941,0,941,941,885481,3,,,
11/24/2024,854,0,854,854,729316,3,,,
11/25/2024,832,0,832,832,692224,3,,,
11/26/2024,782,0,782,782,611524,3,,,
11/27/2024,899,0,899,899,808201,3,,,
11/28/2024,967,0,967,967,935089,3,,,
11/29/2024,793,0,793,793,628849,3,,,
11/30/2024,714,0,714,714,509796,3,,,
12/1/2024,571,0,571,571,326041,3,,,
12/2/2024,763,0,763,763,582169,3,,,
12/3/2024,650,0,650,650,422500,3,,,
12/4/2024,560,0,560,560,313600,3,,,
12/5/2024,714,0,714,714,509796,3,,,
12/6/2024,682,0,682,682,465124,3,,,
12/7/2024,625,0,625,625,390625,3,,,
12/8/2024,686,0,686,686,470596,3,,,
12/9/2024,538,0,538,538,289444,3,,,
12/10/2024,574,0,574,574,329476,3,,,
12/11/2024,599,0,599,599,358801,3,,,
12/12/2024,524,0,524,524,274576,3,,,
12/13/2024,646,0,646,646,417316,3,,,
12/14/2024,648,0,648,648,419904,3,,,
12/15/2024,417,0,417,417,173889,3,,,
12/16/2024,616,0,616,616,379456,3,,,
12/17/2024,728,0,728,728,529984,3,,,
12/18/2024,636,0,636,636,404496,3,,,
12/19/2024,834,0,834,834,695556,3,,,
12/20/2024,582,0,582,582,338724,3,,,
12/21/2024,638,0,638,638,407044,3,,,
12/22/2024,517,0,517,517,267289,3,,,
12/23/2024,441,0,441,441,194481,3,,,
12/24/2024,558,0,558,558,311364,3,,,
12/25/2024,730,0,730,730,532900,3,,,
12/26/2024,713,0,713,713,508369,3,,,
12/27/2024,807,0,807,807,651249,3,,,
12/28/2024,1237,0,1237,1237,1530169,3,,,
12/29/2024,310,0,310,310,96100,3,,,
12/30/2024,818,0,818,818,669124,3,,,
12/31/2024,981,0,981,981,962361,3,,,
1/1/2025,829,0,829,829,687241,3,,,
1/2/2025,708,0,708,708,501264,3,,,
1/3/2025,754,0,754,754,568516,3,,,
1/4/2025,586,0,586,586,343396,3,,,
1/5/2025,459,0,459,459,210681,3,,,
1/6/2025,581,0,581,581,337561,3,,,
1/7/2025,612,0,612,612,374544,3,,,
1/8/2025,567,0,567,567,321489,3,,,
1/9/2025,595,0,595,595,354025,3,,,
1/10/2025,650,0,650,650,422500,3,,,
1/11/2025,592,0,592,592,350464,3,,,
1/12/2025,453,0,453,453,205209,3,,,
1/13/2025,587,0,587,587,344569,3,,,
1/14/2025,553,0,553,553,305809,3,,,
1/15/2025,450,0,450,450,202500,3,,,
1/16/2025,530,0,530,530,280900,3,,,
1/17/2025,580,0,580,580,336400,3,,,
1/18/2025,459,0,459,459,210681,3,,,
1/19/2025,485,0,485,485,235225,3,,,
1/20/2025,455,0,455,455,207025,3,,,
1/21/2025,629,0,629,629,395641,3,,,
1/22/2025,546,0,546,546,298116,3,,,
1/23/2025,614,0,614,614,376996,3,,,
1/24/2025,679,0,679,679,461041,3,,,
1/25/2025,728,0,728,728,529984,3,,,
1/26/2025,0,0,0,0,0,3,,,
1/27/2025,0,0,0,0,0,3,,,
1/28/2025,545,0,545,545,297025,3,,,
1/29/2025,637,0,637,637,405769,3,,,
1/30/2025,661,0,661,661,436921,3,,,
1/31/2025,605,0,605,605,366025,3,,,
2/1/2025,1053,0,1053,1053,1108809,3,,,
2/2/2025,606,0,606,606,367236,3,,,
2/3/2025,629,0,629,629,395641,3,,,
2/4/2025,709,0,709,709,502681,3,,,
2/5/2025,649,0,649,649,421201,3,,,
2/6/2025,633,0,633,633,400689,3,,,
2/7/2025,774,0,774,774,599076,3,,,
2/8/2025,1052,0,1052,1052,1106704,3,,,
2/9/2025,853,0,853,853,727609,3,,,
2/10/2025,659,0,659,659,434281,3,,,
2/11/2025,705,0,705,705,497025,3,,,
2/12/2025,466,0,466,466,217156,3,,,
2/13/2025,427,0,427,427,182329,3,,,
2/14/2025,623,0,623,623,388129,3,,,
2/15/2025,460,0,460,460,211600,3,,,
2/16/2025,247,0,247,247,61009,3,,,
2/17/2025,765,0,765,765,585225,3,,,
2/18/2025,604,0,604,604,364816,3,,,
2/19/2025,654,0,654,654,427716,3,,,
2/20/2025,661,0,661,661,436921,3,,,
2/21/2025,950,0,950,950,902500,3,,,
2/22/2025,1053,0,1053,1053,1108809,3,,,
2/23/2025,919,0,919,919,844561,3,,,
2/24/2025,769,0,769,769,591361,3,,,
2/25/2025,708,0,708,708,501264,3,,,
2/26/2025,945,0,945,945,893025,3,,,
2/27/2025,662,0,662,662,438244,3,,,
2/28/2025,682,0,682,682,465124,3,,,
3/1/2025,608,0,608,608,369664,3,,,
3/2/2025,535,0,535,535,286225,3,,,
3/3/2025,800,0,800,800,640000,3,,,
3/4/2025,712,0,712,712,506944,3,,,
3/5/2025,701,0,701,701,491401,3,,,
3/6/2025,646,0,646,646,417316,3,,,
3/7/2025,935,0,935,935,874225,3,,,
3/8/2025,1105,0,1105,1105,1221025,3,,,
3/9/2025,978,0,978,978,956484,3,,,
3/10/2025,1160,0,1160,1160,1345600,3,,,
3/11/2025,1141,0,1141,1141,1301881,3,,,
3/12/2025,509,0,509,509,259081,3,,,
3/13/2025,838,0,838,838,702244,3,,,
3/14/2025,1244,0,1244,1244,1547536,3,,,
3/15/2025,1205,0,1205,1205,1452025,3,,,
3/16/2025,597,0,597,597,356409,3,,,
3/17/2025,974,0,974,974,948676,3,,,
3/18/2025,1098,0,1098,1098,1205604,3,,,
3/19/2025,1518,0,1518,1518,2304324,3,,,
3/20/2025,669,0,669,669,447561,3,,,
3/21/2025,1300,0,1300,1300,1690000,3,,,
3/22/2025,973,0,973,973,946729,3,,,
3/23/2025,1012,0,1012,1012,1024144,3,,,
3/24/2025,666,0,666,666,443556,3,,,
3/25/2025,710,0,710,710,504100,3,,,
3/26/2025,802,0,802,802,643204,3,,,
3/27/2025,1195,0,1195,1195,1428025,3,,,
3/28/2025,711,0,711,711,505521,3,,,
3/29/2025,457,0,457,457,208849,3,,,
3/30/2025,349,0,349,349,121801,3,,,
3/31/2025,1057,0,1057,1057,1117249,3,,,
4/1/2025,984,0,984,984,968256,3,,,
4/2/2025,649,0,649,649,421201,3,,,
4/3/2025,1483,0,1483,1483,2199289,3,,,
4/4/2025,1472,0,1472,1472,2166784,3,,,
4/5/2025,588,0,588,588,345744,3,,,
4/6/2025,1608,0,1608,1608,2585664,3,,,
4/7/2025,898,0,898,898,806404,3,,,
4/8/2025,506,0,506,506,256036,3,,,
4/9/2025,1232,0,1232,1232,1517824,3,,,
4/10/2025,699,0,699,699,488601,3,,,
4/11/2025,834,0,834,834,695556,3,,,
4/12/2025,1642,0,1642,1642,2696164,3,,,
4/13/2025,3752,0,3752,3752,14077504,3,,,
4/14/2025,1419,0,1419,1419,2013561,3,,,
4/15/2025,972,0,972,972,944784,3,,,
4/16/2025,1084,0,1084,1084,1175056,3,,,
4/17/2025,3367,0,3367,3367,11336689,3,,,
4/18/2025,2794,0,2794,2794,7806436,3,,,
4/19/2025,4498,0,4498,4498,20232004,3,,,
4/20/2025,4523,0,4523,4523,20457529,3,,,
4/21/2025,886,0,886,886,784996,3,,,
4/22/2025,2162,0,2162,2162,4674244,3,,,
4/23/2025,2176,0,2176,2176,4734976,3,,,
4/24/2025,2721,0,2721,2721,7403841,3,,,
4/25/2025,1505,0,1505,1505,2265025,3,,,
4/26/2025,2181,0,2181,2181,4756761,3,,,
4/27/2025,5510,0,5510,5510,30360100,3,,,
4/28/2025,2817,0,2817,2817,7935489,3,,,
4/29/2025,1750,0,1750,1750,3062500,3,,,
4/30/2025,2058,0,2058,2058,4235364,3,,,
5/1/2025,952,0,952,952,906304,3,,,
5/2/2025,2718,0,2718,2718,7387524,3,,,
5/3/2025,3329,0,3329,3329,11082241,3,,,
5/4/2025,3147,0,3147,3147,9903609,3,,,
5/5/2025,1527,0,1527,1527,2331729,3,,,
5/6/2025,2276,0,2276,2276,5180176,3,,,
5/7/2025,3180,0,3180,3180,10112400,3,,,
5/8/2025,1958,0,1958,1958,3833764,3,,,
5/9/2025,3198,0,3198,3198,10227204,3,,,
5/10/2025,9415,0,9415,9415,88642225,3,,,
5/11/2025,6725,0,6725,6725,45225625,3,,,
5/12/2025,4792,0,4792,4792,22963264,3,,,
5/13/2025,1422,0,1422,1422,2022084,3,,,
5/14/2025,1518,0,1518,1518,2304324,3,,,
5/15/2025,2642,0,2642,2642,6980164,3,,,
5/16/2025,4839,0,4839,4839,23415921,3,,,
5/17/2025,5235,0,5235,5235,27405225,3,,,
5/18/2025,11242,0,11242,11242,126382564,3,,,
5/19/2025,12436,411.1563489,12024.84365,12024.84365,144596864.8,3,,,
5/20/2025,2604,1245.683657,1358.316343,1358.316343,1845023.289,3,,,
5/21/2025,749,2186.461283,-1437.461283,1437.461283,2066294.94,3,,,
5/22/2025,946,2706.504845,-1760.504845,1760.504845,3099377.308,3,,,
5/23/2025,1738,2241.087721,-503.0877215,503.0877215,253097.2555,3,,,
5/24/2025,4049,1096.467126,2952.532874,2952.532874,8717450.372,3,,,
5/25/2025,4246,377.2282904,3868.77171,3868.77171,14967394.54,3,,,
5/26/2025,4529,181.3265334,4347.673467,4347.673467,18902264.57,3,,,
5/27/2025,3640,624.2505982,3015.749402,3015.749402,9094744.454,3,,,
5/28/2025,1739,1344.474091,394.5259087,394.5259087,155650.6926,3,,,
5/29/2025,2029,1358.54142,670.4585799,670.4585799,449514.7073,3,,,
5/30/2025,3907,702.9569891,3204.043011,3204.043011,10265891.62,3,,,
5/31/2025,4129,148.7568046,3980.243195,3980.243195,15842335.89,3,,,
6/1/2025,6041,139.5667598,5901.43324,5901.43324,34826914.29,3,,,
6/2/2025,4869,139.5667598,4729.43324,4729.43324,22367538.77,3,,,
6/3/2025,5541,858.4095918,4682.590408,4682.590408,21926652.93,3,,,
6/4/2025,5806,1215.619273,4590.380727,4590.380727,21071595.22,3,,,
6/5/2025,2573,1157.109365,1415.890635,1415.890635,2004746.289,3,,,
6/6/2025,5531,604.8055297,4926.19447,4926.19447,24267391.96,3,,,
